year,annual_dynamic_GWP100_kgCO2e_per_fu_GEN,annual_dynamic_GWP100_kgCO2e_case_total_GEN,cumulative_dynamic_GWP100_kgCO2e_per_fu_GEN,cumulative_dynamic_GWP100_kgCO2e_case_total_GEN,annual_dynamic_GWP100_kgCO2e_per_fu_BAU,annual_dynamic_GWP100_kgCO2e_case_total_BAU,cumulative_dynamic_GWP100_kgCO2e_per_fu_BAU,cumulative_dynamic_GWP100_kgCO2e_case_total_BAU,annual_difference_GEN_minus_BAU_kgCO2e_per_fu,annual_difference_GEN_minus_BAU_kgCO2e_case_total,cumulative_difference_GEN_minus_BAU_kgCO2e_per_fu,cumulative_difference_GEN_minus_BAU_kgCO2e_case_total
2025,0.0410825237415867,3671742.58071759,0.0410825237415867,3671742.58071759,0.0027453122392522,245361.74821275056,0.0027453122392522,245361.74821275056,0.038337211502334496,3426380.8325048396,0.038337211502334496,3426380.8325048396
2026,0.0032197363720786,287763.3129456306,0.0443022601136654,3959505.8936632206,0.0078635274290365,702801.2367849527,0.0106088396682888,948162.9849977032,-0.0046437910569579,-415037.9238393221,0.0336934204453766,3011342.9086655173
2027,0.0029989504241993,268030.61173302477,0.0473012105378648,4227536.505396245,0.0074124050264903,662482.2596704147,0.0180212446947792,1610645.244668118,-0.004413454602291,-394451.64793738996,0.029279965843085596,2616891.2607281273
2028,0.0027779246083565,248276.4723677642,0.0500791351462214,4475812.9777640095,0.0069607765040311,622118.0481869455,0.0249820211988103,2232763.2928550635,-0.0041828518956746,-373841.5758191813,0.025097113947411098,2243049.684908946
2029,0.0025596914505156,228771.9262690559,0.052638826596737,4704584.904033066,0.0065147089245418,582250.8449014114,0.0314967301233522,2815014.137756475,-0.0039550174740262,-353478.9186323555,0.021142096473384803,1889570.766276591
2030,0.0023471988508884,209780.4414458246,0.0549860254476255,4914365.34547889,0.0060801001133215,543407.7668045039,0.0375768302366738,3358421.9045609785,-0.0037329012624331003,-333627.3253586793,0.017409195210951703,1555943.440917912
2031,0.0021345595054999,190775.84124867097,0.0571205849531255,5105141.186727561,0.0056451701262245,504535.9836759877,0.0432220003628983,3862957.888236966,-0.0035106106207246,-313760.14242731675,0.013898584590227199,1242183.298490595
2032,0.0019247430687868,172023.53796613845,0.0590453280219123,5277164.7246937,0.0052158602618652,466166.4979256668,0.0484378606247636,4329124.386162633,-0.0032911171930783997,-294142.95995952835,0.010607467397148698,948040.3385310667
2033,0.0017206339449234,153781.32466112508,0.0607659619668357,5430946.049354825,0.0047979413304392,428815.0745940115,0.0532358019552029,4757939.460756645,-0.0030773073855158003,-275033.7499328864,0.0075301600116328,673006.5885981806
2034,0.0015164738063125,135534.55192296632,0.0622824357731482,5566480.601277792,0.0043798912542739,391451.9302267447,0.0576156932094768,5149391.39098339,-0.0028634174479614,-255917.37830377836,0.004666742563671403,417089.2102944022
2035,0.0013151690348484,117542.9770690054,0.0635976048079966,5684023.578346797,0.0039675247598016,354596.75486947625,0.0615832179692784,5503988.145852866,-0.0026523557249532002,-237053.77780047085,0.002014386838718199,180035.4324939316
2036,0.0011195401057312,100058.67952249116,0.0647171449137279,5784082.257869288,0.0035664847699711,318753.8836648446,0.0651497027392496,5822742.02951771,-0.0024469446642398996,-218695.20414235344,-0.00043255782552169275,-38659.77164842188
2037,0.0009239587889059,82578.63731531601,0.0656411037026339,5866660.895184604,0.0031655093092026,282916.7797325888,0.0683152120484523,6105658.809250299,-0.0022415505202967,-200338.1424172728,-0.002674108345818396,-238997.91406569444
2038,0.0007312677793249,65356.91575676745,0.0663723714819589,5932017.810941372,0.0027702856958657,247593.74604745663,0.071085497744318,6353252.555297756,-0.0020390179165408,-182236.8302906892,-0.004713126262359091,-421234.74435638357
2039,0.0005442231742484,48639.840504209424,0.0669165946562073,5980657.651445582,0.0023863280601675,213277.60692580784,0.0734718258044855,6566530.1622235635,-0.0018421048859191,-164637.7664215984,-0.00655523114827819,-585872.510777982
2040,0.0004274608271725,38204.22841086091,0.0673440554833798,6018861.879856442,0.0020026369118463,178985.28506172943,0.0754744627163319,6745515.447285293,-0.0015751760846738003,-140781.05665086853,-0.008130407232952108,-726653.5674288506
2041,0.0003210308874159,28692.073215005257,0.0676650863707958,6047553.953071447,0.0019209704241046,171686.3585803546,0.0773954331404365,6917201.805865647,-0.0015999395366887,-142994.28536534935,-0.0097303467696407,-869647.8527942002
2042,0.0002852953860329,25498.21971913223,0.0679503817568287,6073052.1727905795,0.0018403777412477,164483.40320202333,0.0792358108816843,7081685.209067671,-0.0015550823552148,-138985.1834828911,-0.011285429124855598,-1008633.0362770911
2043,0.0002501239895513,22354.782989272226,0.0682005057463801,6095406.955779851,0.0017608630283352,157376.79117811742,0.0809966739100195,7239062.000245788,-0.0015107390387839,-135022.00818884518,-0.01279616816363939,-1143655.0444659367
2044,0.0002155192203292,19261.988460680182,0.0684160249667094,6114668.944240532,0.0016824305537175,150366.90399163103,0.0826791044637371,7389428.904237419,-0.0014669113333883,-131104.91553095085,-0.014263079497027695,-1274759.9599968875
2045,0.0001814836688705,16220.067659144152,0.06859750863558,6130889.011899676,0.0019242462505964,171979.13493686114,0.0846033507143335,7561408.03917428,-0.0017427625817259,-155759.067277717,-0.016005842078753496,-1430519.027274604
2046,0.0001681095214982,15024.755835152107,0.0687656181570782,6145913.767734828,0.0015693774446198,140262.8043222021,0.0861727281589533,7701670.843496482,-0.0014012679231216,-125238.04848705,-0.0174071100018751,-1555757.0757616535
2047,0.0001549450319639,13848.182139717142,0.0689205631890422,6159761.949874545,0.0015340327599923,137103.87999795083,0.0877067609189456,7838774.723494433,-0.0013790877280284001,-123255.69785823369,-0.018786197729903392,-1679012.7736198874
2048,0.0001419911687562,12690.433131313344,0.0690625543577984,6172452.383005858,0.0014990516515063,133977.4502207395,0.089205812570452,7972752.173715172,-0.0013570604827501,-121287.01708942615,-0.0201432582126536,-1800299.790709314
2049,0.0001292489275048,11551.597794158148,0.0691918032853033,6184003.980800017,0.0014644351487286,130883.6070078982,0.0906702477191806,8103635.780723071,-0.0013351862212238,-119332.00921374005,-0.021478444433877295,-1919631.799923054
2050,0.0004032254055719,36038.192312101884,0.0695950286908753,6220042.173112119,0.0014301842985634,127822.44392628128,0.0921004320177441,8231458.224649352,-0.0010269588929915,-91784.2516141794,-0.02250540332686879,-2011416.0515372334
2051,0.0001129937001444,10098.790005768562,0.0697080223910198,6230140.963117887,0.0014131628764137,126301.15762740416,0.0935135948941578,8357759.382276756,-0.0013001691762693,-116202.3676216356,-0.023805572503138,-2127618.4191588685
2052,0.0001093161613295,9770.11068840418,0.0698173385523493,6239911.073806291,0.0013961881113393,124784.04129557336,0.0949097830054972,8482543.42357233,-0.0012868719500098,-115013.93060716918,-0.0250924444531479,-2242632.3497660384
2053,0.0001056869090905,9445.746974388016,0.0699230254614399,6249356.82078068,0.0013792593094379,123271.03291339036,0.0962890423149351,8605814.45648572,-0.0012735724003474001,-113825.28593900234,-0.026366016853495197,-2356457.635705041
2054,0.0001021061419624,9125.716607733431,0.0700251316034023,6258482.537388413,0.0013623757378926,121762.06698550883,0.0976514180528277,8727576.523471229,-0.0012602695959302,-112636.35037777541,-0.0276262864494254,-2469093.9860828156
2055,0.0001460663542386,13054.652042357986,0.070171197957641,6271537.189430771,0.0013455366222184,120257.07429247876,0.0989969546750462,8847833.597763708,-0.0011994702679797998,-107202.42225012078,-0.0288257567174052,-2576296.4083329365
2056,9.753070095270613e-05,8716.787456092474,0.0702687286585937,6280253.976886864,0.0013330127643892,119137.75693126094,0.1003299674394354,8966971.354694968,-0.0012354820634364937,-110420.96947516847,-0.0300612387808417,-2686717.3778081043
2057,9.648322260975056e-05,8623.16928262286,0.0703652118812035,6288877.146169486,0.0013204362616287,118013.73443954336,0.1016504037010642,9084985.08913451,-0.0012239530390189494,-109390.56515692051,-0.0312851918198607,-2796107.942965024
2058,9.5431533008858e-05,8529.174728793,0.0704606434142123,6297406.32089828,0.0013078056342669,116884.87457208718,0.1029582093353311,9201869.963706598,-0.001212374101258042,-108355.69984329418,-0.0324975659211188,-2904463.642808318
2059,9.437553284559202e-05,8434.794919288173,0.0705550189470579,6305841.115817567,0.0012951193308758,115751.03867033402,0.1042533286662069,9317621.00237693,-0.001200743798030208,-107316.24375104584,-0.033698309719149,-3011779.8865593635
2060,9.331511911520304e-05,8340.020648078893,0.0706483340661731,6314181.136465646,0.0012823757234852,114612.08123475012,0.1055357043896922,9432233.08361168,-0.001189060604369997,-106272.06058667123,-0.0348873703235191,-3118051.947146034
2061,9.22501849190644e-05,8244.842361121162,0.0707405842510922,6322425.978826768,0.0012695731024164,113467.849463141,0.1068052774921086,9545700.93307482,-0.0011773229174973357,-105223.00710201984,-0.036064693241016396,-3223274.954248053
2062,9.118061925760208e-05,8149.250137849612,0.0708317648703498,6330575.2289646175,0.0012567096707034,112318.18275201456,0.1080619871628121,9658019.115826836,-0.001165529051445798,-104168.93261416495,-0.0372302222924623,-3327443.8868622184
2063,9.010630680860708e-05,8053.233671364208,0.0709218711771584,6338628.462635982,0.0012437835380645,111162.91215781368,0.1093057707008767,9769182.027984647,-0.0011536772312558928,-103109.67848644947,-0.038383899523718304,-3430553.565348665
2064,8.902712768971487e-05,7956.7822472019,0.0710108983048481,6346585.244883183,0.0012307927143865,110001.85981455284,0.1105365634152632,9879183.887799202,-0.001141765586696785,-102045.07756735093,-0.03952566511041511,-3532598.642916018
2065,8.79429572037276e-05,7859.884720574852,0.0710988412620518,6354445.129603758,0.0014500399858393,129597.04212036892,0.1119866034011026,10008780.92991957,-0.0013620970286355723,-121737.15739979407,-0.04088776213905079,-3654335.800315812
2066,8.685366556533049e-05,7762.529491945759,0.0711856949276172,6362207.659095705,0.00120460849145,107661.6499748776,0.1131912118925527,10116442.579894448,-0.0011177548258846696,-99899.12048293184,-0.0420055169649355,-3754234.920798743
2067,8.575911760761836e-05,7664.704480798724,0.0712714540452248,6369872.3635765035,0.0011914105464628,106482.08620482692,0.1143826224390155,10222924.666099276,-0.0011056514288551816,-98817.3817240282,-0.0431111683937907,-3853052.302522773
2068,8.465917246669693e-05,7566.39709745055,0.0713561132176915,6377438.760673954,0.0011781388018008,105295.92660318762,0.1155607612408164,10328220.59270246,-0.0010934796293341031,-97729.52950573707,-0.044204648023124904,-3950781.8320285054
2069,8.355368324245718e-05,7467.594212732523,0.071439666900934,6384906.354886686,0.0011647906502008,104102.93814630076,0.1167255518910173,10432323.530848762,-0.001081236966958343,-96635.34393356823,-0.04528588499008329,-4047417.1759620756
2070,0.0001223064092621,10931.11157452448,0.0715619733101961,6395837.4664612105,0.0011513633325754,102902.874241266,0.1178769152235927,10535226.405090028,-0.0010290569233133,-91971.76266674153,-0.04631494191339659,-4139388.938628818
2071,8.132545254343796e-05,7268.446526755065,0.0716432987627395,6403105.912987965,0.0011378539266593,101695.47371118588,0.1190147691502521,10636921.878801214,-0.001056528474115862,-94427.02718443082,-0.04737147038751259,-4233815.965813248
2072,8.020238365746748e-05,7168.072463184023,0.071723501146397,6410273.985451149,0.0011242593346995,100480.45969500304,0.1201390284849516,10737402.338496218,-0.0010440569510420325,-93312.38723181901,-0.0484155273385546,-4327128.353045069
2073,7.907311498403435e-05,7067.144294812575,0.071802574261381,6417341.129745961,0.0011105762701052,99257.53845429295,0.1212496047550568,10836659.87695051,-0.0010315031551211657,-92190.39415948038,-0.04944703049367581,-4419318.747204549
2074,7.793746336087445e-05,6965.645651548937,0.0718805117247419,6424306.77539751,0.0010968012429621,98026.39807864264,0.122346405998019,10934686.275029153,-0.0010188637796012256,-91060.7524270937,-0.050465894273277107,-4510379.499631642
2075,-0.0007871314809177,-70349.72323726866,0.0710933802438241,6353957.052160242,0.0010808267476375,96598.6806614302,0.1234272327456565,11031284.955690583,-0.0018679582285552002,-166948.40389869886,-0.05233385250183241,-4677327.903530342
2076,0.0,0.0,0.0710933802438241,6353957.052160242,0.0,0.0,0.1234272327456565,11031284.955690583,0.0,0.0,-0.05233385250183241,-4677327.903530342
2077,0.0,0.0,0.0710933802438241,6353957.052160242,0.0,0.0,0.1234272327456565,11031284.955690583,0.0,0.0,-0.05233385250183241,-4677327.903530342
2078,0.0,0.0,0.0710933802438241,6353957.052160242,0.0,0.0,0.1234272327456565,11031284.955690583,0.0,0.0,-0.05233385250183241,-4677327.903530342
2079,0.0,0.0,0.0710933802438241,6353957.052160242,0.0,0.0,0.1234272327456565,11031284.955690583,0.0,0.0,-0.05233385250183241,-4677327.903530342
2080,0.0,0.0,0.0710933802438241,6353957.052160242,0.0,0.0,0.1234272327456565,11031284.955690583,0.0,0.0,-0.05233385250183241,-4677327.903530342
2081,0.0,0.0,0.0710933802438241,6353957.052160242,0.0,0.0,0.1234272327456565,11031284.955690583,0.0,0.0,-0.05233385250183241,-4677327.903530342
2082,0.0,0.0,0.0710933802438241,6353957.052160242,0.0,0.0,0.1234272327456565,11031284.955690583,0.0,0.0,-0.05233385250183241,-4677327.903530342
2083,0.0,0.0,0.0710933802438241,6353957.052160242,0.0,0.0,0.1234272327456565,11031284.955690583,0.0,0.0,-0.05233385250183241,-4677327.903530342
2084,0.0,0.0,0.0710933802438241,6353957.052160242,0.0,0.0,0.1234272327456565,11031284.955690583,0.0,0.0,-0.05233385250183241,-4677327.903530342
2085,0.0,0.0,0.0710933802438241,6353957.052160242,0.0,0.0,0.1234272327456565,11031284.955690583,0.0,0.0,-0.05233385250183241,-4677327.903530342
2086,0.0,0.0,0.0710933802438241,6353957.052160242,0.0,0.0,0.1234272327456565,11031284.955690583,0.0,0.0,-0.05233385250183241,-4677327.903530342
2087,0.0,0.0,0.0710933802438241,6353957.052160242,0.0,0.0,0.1234272327456565,11031284.955690583,0.0,0.0,-0.05233385250183241,-4677327.903530342
2088,0.0,0.0,0.0710933802438241,6353957.052160242,0.0,0.0,0.1234272327456565,11031284.955690583,0.0,0.0,-0.05233385250183241,-4677327.903530342
2089,0.0,0.0,0.0710933802438241,6353957.052160242,0.0,0.0,0.1234272327456565,11031284.955690583,0.0,0.0,-0.05233385250183241,-4677327.903530342
2090,0.0,0.0,0.0710933802438241,6353957.052160242,0.0,0.0,0.1234272327456565,11031284.955690583,0.0,0.0,-0.05233385250183241,-4677327.903530342
2091,0.0,0.0,0.0710933802438241,6353957.052160242,0.0,0.0,0.1234272327456565,11031284.955690583,0.0,0.0,-0.05233385250183241,-4677327.903530342
2092,0.0,0.0,0.0710933802438241,6353957.052160242,0.0,0.0,0.1234272327456565,11031284.955690583,0.0,0.0,-0.05233385250183241,-4677327.903530342
2093,0.0,0.0,0.0710933802438241,6353957.052160242,0.0,0.0,0.1234272327456565,11031284.955690583,0.0,0.0,-0.05233385250183241,-4677327.903530342
2094,0.0,0.0,0.0710933802438241,6353957.052160242,0.0,0.0,0.1234272327456565,11031284.955690583,0.0,0.0,-0.05233385250183241,-4677327.903530342
2095,0.0,0.0,0.0710933802438241,6353957.052160242,0.0,0.0,0.1234272327456565,11031284.955690583,0.0,0.0,-0.05233385250183241,-4677327.903530342
2096,0.0,0.0,0.0710933802438241,6353957.052160242,0.0,0.0,0.1234272327456565,11031284.955690583,0.0,0.0,-0.05233385250183241,-4677327.903530342
2097,0.0,0.0,0.0710933802438241,6353957.052160242,0.0,0.0,0.1234272327456565,11031284.955690583,0.0,0.0,-0.05233385250183241,-4677327.903530342
2098,0.0,0.0,0.0710933802438241,6353957.052160242,0.0,0.0,0.1234272327456565,11031284.955690583,0.0,0.0,-0.05233385250183241,-4677327.903530342
2099,0.0,0.0,0.0710933802438241,6353957.052160242,0.0,0.0,0.1234272327456565,11031284.955690583,0.0,0.0,-0.05233385250183241,-4677327.903530342
2100,0.0,0.0,0.0710933802438241,6353957.052160242,0.0,0.0,0.1234272327456565,11031284.955690583,0.0,0.0,-0.05233385250183241,-4677327.903530342
2101,0.0,0.0,0.0710933802438241,6353957.052160242,0.0,0.0,0.1234272327456565,11031284.955690583,0.0,0.0,-0.05233385250183241,-4677327.903530342
2102,0.0,0.0,0.0710933802438241,6353957.052160242,0.0,0.0,0.1234272327456565,11031284.955690583,0.0,0.0,-0.05233385250183241,-4677327.903530342
2103,0.0,0.0,0.0710933802438241,6353957.052160242,0.0,0.0,0.1234272327456565,11031284.955690583,0.0,0.0,-0.05233385250183241,-4677327.903530342
2104,0.0,0.0,0.0710933802438241,6353957.052160242,0.0,0.0,0.1234272327456565,11031284.955690583,0.0,0.0,-0.05233385250183241,-4677327.903530342
2105,0.0,0.0,0.0710933802438241,6353957.052160242,0.0,0.0,0.1234272327456565,11031284.955690583,0.0,0.0,-0.05233385250183241,-4677327.903530342
2106,0.0,0.0,0.0710933802438241,6353957.052160242,0.0,0.0,0.1234272327456565,11031284.955690583,0.0,0.0,-0.05233385250183241,-4677327.903530342
2107,0.0,0.0,0.0710933802438241,6353957.052160242,0.0,0.0,0.1234272327456565,11031284.955690583,0.0,0.0,-0.05233385250183241,-4677327.903530342
2108,0.0,0.0,0.0710933802438241,6353957.052160242,0.0,0.0,0.1234272327456565,11031284.955690583,0.0,0.0,-0.05233385250183241,-4677327.903530342
2109,0.0,0.0,0.0710933802438241,6353957.052160242,0.0,0.0,0.1234272327456565,11031284.955690583,0.0,0.0,-0.05233385250183241,-4677327.903530342
2110,0.0,0.0,0.0710933802438241,6353957.052160242,0.0,0.0,0.1234272327456565,11031284.955690583,0.0,0.0,-0.05233385250183241,-4677327.903530342
2111,0.0,0.0,0.0710933802438241,6353957.052160242,0.0,0.0,0.1234272327456565,11031284.955690583,0.0,0.0,-0.05233385250183241,-4677327.903530342
2112,0.0,0.0,0.0710933802438241,6353957.052160242,0.0,0.0,0.1234272327456565,11031284.955690583,0.0,0.0,-0.05233385250183241,-4677327.903530342
2113,0.0,0.0,0.0710933802438241,6353957.052160242,0.0,0.0,0.1234272327456565,11031284.955690583,0.0,0.0,-0.05233385250183241,-4677327.903530342
2114,0.0,0.0,0.0710933802438241,6353957.052160242,0.0,0.0,0.1234272327456565,11031284.955690583,0.0,0.0,-0.05233385250183241,-4677327.903530342
2115,0.0,0.0,0.0710933802438241,6353957.052160242,0.0,0.0,0.1234272327456565,11031284.955690583,0.0,0.0,-0.05233385250183241,-4677327.903530342
2116,0.0,0.0,0.0710933802438241,6353957.052160242,0.0,0.0,0.1234272327456565,11031284.955690583,0.0,0.0,-0.05233385250183241,-4677327.903530342
2117,0.0,0.0,0.0710933802438241,6353957.052160242,0.0,0.0,0.1234272327456565,11031284.955690583,0.0,0.0,-0.05233385250183241,-4677327.903530342
2118,0.0,0.0,0.0710933802438241,6353957.052160242,0.0,0.0,0.1234272327456565,11031284.955690583,0.0,0.0,-0.05233385250183241,-4677327.903530342
2119,0.0,0.0,0.0710933802438241,6353957.052160242,0.0,0.0,0.1234272327456565,11031284.955690583,0.0,0.0,-0.05233385250183241,-4677327.903530342
2120,0.0,0.0,0.0710933802438241,6353957.052160242,0.0,0.0,0.1234272327456565,11031284.955690583,0.0,0.0,-0.05233385250183241,-4677327.903530342
2121,0.0,0.0,0.0710933802438241,6353957.052160242,0.0,0.0,0.1234272327456565,11031284.955690583,0.0,0.0,-0.05233385250183241,-4677327.903530342
2122,0.0,0.0,0.0710933802438241,6353957.052160242,0.0,0.0,0.1234272327456565,11031284.955690583,0.0,0.0,-0.05233385250183241,-4677327.903530342
2123,0.0,0.0,0.0710933802438241,6353957.052160242,0.0,0.0,0.1234272327456565,11031284.955690583,0.0,0.0,-0.05233385250183241,-4677327.903530342
2124,0.0,0.0,0.0710933802438241,6353957.052160242,0.0,0.0,0.1234272327456565,11031284.955690583,0.0,0.0,-0.05233385250183241,-4677327.903530342
