year,annual_radiative_forcing_W_per_m2_per_fu_GEN,annual_radiative_forcing_W_per_m2_case_total_GEN,cumulative_discrete_annual_rf_Wyr_per_m2_per_fu_GEN,cumulative_discrete_annual_rf_Wyr_per_m2_case_total_GEN,annual_radiative_forcing_W_per_m2_per_fu_BAU,annual_radiative_forcing_W_per_m2_case_total_BAU,cumulative_discrete_annual_rf_Wyr_per_m2_per_fu_BAU,cumulative_discrete_annual_rf_Wyr_per_m2_case_total_BAU,annual_difference_GEN_minus_BAU_W_per_m2_per_fu,annual_difference_GEN_minus_BAU_W_per_m2_case_total,cumulative_difference_GEN_minus_BAU_Wyr_per_m2_per_fu,cumulative_difference_GEN_minus_BAU_Wyr_per_m2_case_total
2025,0.0,0.0,0.0,0.0,0.0,0.0,0.0,0.0,0.0,0.0,0.0,0.0
2026,8.278781117162471e-17,7.399144545142813e-09,8.278781117162471e-17,7.399144545142813e-09,5.742957604928726e-18,5.13275720593748e-10,5.742957604928726e-18,5.13275720593748e-10,7.704485356669598e-17,6.885868824549065e-09,7.704485356669598e-17,6.885868824549065e-09
2027,8.482695865155055e-17,7.581392955135884e-09,1.6761476982317526e-16,1.4980537500278697e-08,2.4010172829812478e-17,2.145904533619725e-09,2.97531304347412e-17,2.659180254213473e-09,6.081678582173807e-17,5.435488421516159e-09,1.3786163938843404e-16,1.2321357246065225e-08
2028,1.7508696943383404e-16,1.5648363889296383e-08,3.427017392570093e-16,3.062890138957508e-08,9.436210533987363e-17,8.433594838572365e-09,1.2411523577461482e-16,1.1092775092785838e-08,8.072486409396041e-17,7.214769050724018e-09,2.1858650348239447e-16,1.9536126296789245e-08
2029,1.827516119296491e-17,1.6333389823800342e-09,3.609769004499742e-16,3.2262240371955115e-08,4.631942733075141e-17,4.1397898219337885e-09,1.7043466310536623e-16,1.5232564914719626e-08,-2.80442661377865e-17,-2.5064508395537544e-09,1.9054223734460799e-16,1.702967545723549e-08
2030,8.29379485067903e-17,7.412563040314885e-09,4.439148489567645e-16,3.967480341227e-08,4.943550630137546e-17,4.418288774755839e-09,2.1987016940674167e-16,1.9650853689475463e-08,3.350244220541484e-17,2.9942742655590464e-09,2.2404467955002283e-16,2.002394972279454e-08
2031,8.488714273199537e-17,7.586771895637217e-09,5.288019916887599e-16,4.726157530790721e-08,6.205602128781015e-17,5.546244850622928e-09,2.819261906945518e-16,2.5197098540098398e-08,2.2831121444185225e-17,2.0405270450142885e-09,2.4687580099420805e-16,2.2064476767808815e-08
2032,1.7886790591683716e-16,1.598628435316453e-08,7.076698976055972e-16,6.324785966107175e-08,1.6783794830328427e-16,1.5000484033594677e-08,4.497641389978361e-16,4.019758257369307e-08,1.102995761355289e-17,9.85800319569853e-10,2.5790575860776104e-16,2.3050277087378678e-08
2033,2.8021065246620577e-17,2.504377264411672e-09,7.356909628522178e-16,6.57522369254834e-08,7.349988176266551e-17,6.569037658037114e-09,5.232640207605018e-16,4.6766620231730184e-08,-4.5478816516044935e-17,-4.064660393625441e-09,2.12426942091716e-16,1.8985616693753222e-08
2034,8.211196227899477e-17,7.338740681621447e-09,8.178029251312126e-16,7.309097760710485e-08,7.429313619201024e-17,6.639934618600895e-09,5.975571569525119e-16,5.340655485033108e-08,7.81882608698453e-18,6.98806063020552e-10,2.2024576817870067e-16,1.9684422756773773e-08
2035,8.331383970395434e-17,7.4461582430591375e-09,9.011167648351669e-16,8.053713585016399e-08,8.278077904293452e-17,7.3985160500068484e-09,6.803379359954464e-16,6.080507090033793e-08,5.330606610198173e-19,4.7642193052289107e-11,2.2077882883972043e-16,1.973206494982606e-08
2036,1.7574665081144896e-16,1.57073227843032e-08,1.0768634156466158e-15,9.62444586344672e-08,2.0529803896045055e-16,1.8348472360909312e-08,8.85635974955897e-16,7.915354326124724e-08,-2.955138814900159e-17,-2.641149576606113e-09,1.9122744069071874e-16,1.709091537321996e-08
2037,3.1576147931894255e-17,2.82211208897109e-09,1.1084395635785101e-15,9.906657072343829e-08,8.696570416236132e-17,7.772542919796238e-09,9.726016791182584e-16,8.692608618104347e-08,-5.538955623046706e-17,-4.950430830825148e-09,1.3583788446025175e-16,1.2140484542394818e-08
2038,7.871039014580366e-17,7.034725832840939e-09,1.1871499537243137e-15,1.0610129655627923e-07,8.561579010832335e-17,7.65189461338504e-09,1.0582174692265818e-15,9.457798079442853e-08,-6.90539996251969e-18,-6.171687805441014e-10,1.2893248449773192e-16,1.1523315761850703e-08
2039,7.895826293925804e-17,7.056879415616247e-09,1.2661082166635717e-15,1.1315817597189546e-07,9.079795882682272e-17,8.115049936165653e-09,1.1490154280534046e-15,1.0269303073059417e-07,-1.1839695887564677e-17,-1.0581705205494056e-09,1.170927886101671e-16,1.0465145241301295e-08
2040,1.6509500113682952e-16,1.4755333663303882e-08,1.4312032178004013e-15,1.2791350963519933e-07,2.156025248500412e-16,1.9269433786044783e-08,1.3646179529034458e-15,1.2196246451663894e-07,-5.050752371321168e-17,-4.514100122740901e-09,6.658526489695547e-17,5.951045118560395e-09
2041,3.042640567789987e-17,2.7193540983131783e-09,1.4616296234783012e-15,1.3063286373351254e-07,8.981073051837029e-17,8.026816597828523e-09,1.454428683421816e-15,1.2998928111446745e-07,-5.938432484047042e-17,-5.307462499515344e-09,7.200940056485228e-18,6.435826190450908e-10
2042,7.289046737594046e-17,6.5145713655786695e-09,1.5345200908542416e-15,1.371474350990912e-07,8.723115119678733e-17,7.796267196945273e-09,1.5416598346186034e-15,1.3778554831141276e-07,-1.4340683820846873e-17,-1.2816958313666038e-09,-7.139743764361805e-18,-6.381132123215618e-10
2043,7.289525694312715e-17,6.514999432215793e-09,1.6074153477973689e-15,1.4366243453130697e-07,9.112689969607374e-17,8.144448962470959e-09,1.6327867343146773e-15,1.4592999727388368e-07,-1.8231642752946588e-17,-1.629449530255166e-09,-2.537138651730848e-17,-2.2675627425767154e-09
2044,1.527436013737847e-16,1.3651429708262066e-08,1.7601589491711537e-15,1.5731386423956907e-07,2.1602709719943464e-16,1.9307379857315107e-08,1.848813831514112e-15,1.652373771311988e-07,-6.328349582564993e-17,-5.655950149053041e-09,-8.865488234295819e-17,-7.923512891629724e-09
2045,2.8218440528717643e-17,2.522017641916604e-09,1.7883773896998713e-15,1.5983588188148566e-07,9.026335128196955e-17,8.067269490671181e-09,1.9390771827960816e-15,1.7330464662187e-07,-6.20449107532519e-17,-5.545251848754577e-09,-1.5069979309621033e-16,-1.3468764740384343e-08
2046,6.781273293931242e-17,6.060749836457998e-09,1.8561901226391837e-15,1.6589663171794362e-07,8.866790453720102e-17,7.92467674771114e-09,2.0277450873332825e-15,1.8122932336958114e-07,-2.0855171597888598e-17,-1.863926911253142e-09,-1.7155496469409876e-16,-1.533269165163752e-08
2047,6.790225369369618e-17,6.068750736495111e-09,1.9240923763328803e-15,1.7196538245443876e-07,9.215747597319857e-17,8.236556517089522e-09,2.1199025633064812e-15,1.8946587988667064e-07,-2.425522227950239e-17,-2.1678057805944107e-09,-1.958101869736009e-16,-1.750049743223188e-08
2048,1.4275440178757698e-16,1.2758646935259308e-08,2.066846778120457e-15,1.8472402938969805e-07,2.180740952411217e-16,1.949032990974092e-08,2.337976658547603e-15,2.0895620979641158e-07,-7.531969345354473e-17,-6.731682974481612e-09,-2.7112988042714585e-16,-2.423218040671353e-08
2049,2.632965302915379e-17,2.3532076259667943e-09,2.093176431149611e-15,1.8707723701566488e-07,9.087560745227241e-17,8.121989766984987e-09,2.4288522659998753e-15,2.1707819956339657e-07,-6.454595442311861e-17,-5.768782141018193e-09,-3.3567583485026426e-16,-3.0000962547731684e-08
2050,6.378301798312185e-17,5.7005948448642895e-09,2.156959449132733e-15,1.9277783186052918e-07,8.947041207527305e-17,7.996400703070367e-09,2.5183226780751484e-15,2.250746002664669e-07,-2.5687394092151203e-17,-2.295805858206077e-09,-3.6136322894241543e-16,-3.229676840593773e-08
2051,6.469070756178342e-17,5.781719424673674e-09,2.2216501566945163e-15,1.9855955128520286e-07,9.28132973816938e-17,8.295170428105912e-09,2.6111359754568424e-15,2.333697706945728e-07,-2.812258981991038e-17,-2.5134510034322376e-09,-3.8948581876232606e-16,-3.4810219409369944e-08
2052,1.3619172130292422e-16,1.21721086414896e-08,2.3578418779974404e-15,2.1073165992669247e-07,2.1985354862903391e-16,1.9649368210695777e-08,2.8309895240858762e-15,2.530191389052686e-07,-8.366182732610969e-17,-7.477259569206177e-09,-4.731476460884358e-16,-4.228747897857613e-08
2053,2.5438810702486348e-17,2.2735887660324604e-09,2.383280688699927e-15,2.130052486927249e-07,9.193949442616331e-17,8.217074458657707e-09,2.9229290185120396e-15,2.6123621336392633e-07,-6.650068372367696e-17,-5.9434856926252464e-09,-5.396483298121126e-16,-4.823096467120143e-08
2054,6.060153389321973e-17,5.416250322209169e-09,2.4438822225931465e-15,2.184214990149341e-07,9.078659693810903e-17,8.114034469568474e-09,3.013715615450149e-15,2.693502478334949e-07,-3.0185063044889306e-17,-2.6977841473593047e-09,-5.698333928570024e-16,-5.0928748818560786e-08
2055,6.145957161544686e-17,5.4929372769926725e-09,2.5053417942085933e-15,2.2391443629192678e-07,9.409292764044577e-17,8.409537133963328e-09,3.107808543090595e-15,2.777597849674582e-07,-3.263335602499891e-17,-2.9165998569706556e-09,-6.024667488820018e-16,-5.3845348675531416e-08
2056,1.3006389763017337e-16,1.1624435590829552e-08,2.635405691838767e-15,2.355388718827563e-07,2.2308718073661623e-16,1.9938373452303328e-08,3.330895723827211e-15,2.976981584197615e-07,-9.302328310644287e-17,-8.313937861473776e-09,-6.95490031988444e-16,-6.215928653700518e-08
2057,2.435032470922555e-17,2.1763055417809603e-09,2.6597560165479924e-15,2.377151774245373e-07,9.353375603618876e-17,8.359561280430253e-09,3.4244294798633997e-15,3.060577197001918e-07,-6.918343132696321e-17,-6.183255738649292e-09,-7.646734633154073e-16,-6.834254227565451e-08
2058,5.820858564999393e-17,5.202381037708243e-09,2.7179646021979866e-15,2.429175584622455e-07,9.258631228493776e-17,8.274883679166391e-09,3.5170157921483373e-15,3.1433260337935816e-07,-3.437772663494383e-17,-3.0725026414581483e-09,-7.990511899503507e-16,-7.141504491711265e-08
2059,5.895704613094291e-17,5.269274547833639e-09,2.776921648328929e-15,2.4818683301007916e-07,9.586675313452648e-17,8.56807244299999e-09,3.6128825452828634e-15,3.2290067582235816e-07,-3.690970700358357e-17,-3.2987978951663515e-09,-8.359608969539344e-16,-7.4713842812279e-08
2060,1.2508250907436981e-16,1.1179224956096116e-08,2.902004157403299e-15,2.593660579661753e-07,2.274122643917473e-16,2.0324926964000933e-08,3.8402948096746105e-15,3.432256027863591e-07,-1.0232975531737748e-16,-9.145702007904816e-09,-9.382906522713116e-16,-8.38595448201838e-08
2061,5.881646849853707e-17,5.256710449239121e-09,2.9608206259018358e-15,2.646227684154144e-07,9.786880655071052e-17,8.747005578250221e-09,3.938163616225321e-15,3.5197260836460933e-07,-3.9052338052173445e-17,-3.4902951290111e-09,-9.773429903234855e-16,-8.734983994919491e-08
2062,2.3574952493261392e-17,2.107006800565141e-09,2.9843955783950977e-15,2.6672977521597957e-07,9.894377497903507e-17,8.843080672760805e-09,4.037107391204357e-15,3.608156890373702e-07,-7.536882248577368e-17,-6.736073872195664e-09,-1.0527118128092589e-15,-9.408591382139063e-08
2063,5.682105228253873e-17,5.07837051246647e-09,3.041216630677637e-15,2.7180814572844605e-07,9.766087578059661e-17,8.728421806053777e-09,4.1347682669849526e-15,3.6954411084342394e-07,-4.083982349805788e-17,-3.6500512935873065e-09,-1.0935516363073156e-15,-9.77359651149779e-08
2064,1.1863425997205072e-16,1.0602913944898624e-08,3.1598508906496874e-15,2.824110596733447e-07,2.262725054053442e-16,2.0223061225945137e-08,4.361040772390298e-15,3.897671720693691e-07,-1.0763824543329349e-16,-9.620147281046513e-09,-1.2011898817406103e-15,-1.0735611239602439e-07
2065,5.925835947593013e-17,5.296204369523444e-09,3.219109250125618e-15,2.8770726404286813e-07,1.05583636211335e-16,9.436516980862111e-09,4.466624408601633e-15,3.992036890502312e-07,-4.632527673540487e-17,-4.140312611338667e-09,-1.2475151584760149e-15,-1.1149642500736306e-07
2066,2.28342720993158e-17,2.04080863420469e-09,3.241943522224934e-15,2.897480726770728e-07,1.0150255579740887e-16,9.07177121145904e-09,4.568126964399042e-15,4.082754602616903e-07,-7.866828369809307e-17,-7.03096257725435e-09,-1.3261834421741081e-15,-1.1852738758461747e-07
2067,5.5074721071909666e-17,4.9222924996735994e-09,3.297018243296843e-15,2.946703651767464e-07,1.0032112189836535e-16,8.966180786179736e-09,4.668448086297407e-15,4.1724164104787e-07,-4.5246400826455683e-17,-4.043888286506137e-09,-1.3714298430005641e-15,-1.2257127587112355e-07
2068,1.1372486509706587e-16,1.0164137731406382e-08,3.410743108393909e-15,3.048345029081528e-07,2.2835582424909163e-16,2.0409257443001176e-08,4.896803910546499e-15,4.3765089849087114e-07,-1.1463095915202575e-16,-1.0245119711594794e-08,-1.4860608021525898e-15,-1.3281639558271832e-07
2069,5.927584932916111e-17,5.297767521759236e-09,3.4700189577230703e-15,3.101322704299121e-07,1.1193598740083294e-16,1.0004257134725671e-08,5.0087398979473305e-15,4.476551556255968e-07,-5.2660138071671833e-17,-4.706489612966436e-09,-1.5387209402242603e-15,-1.375228851956847e-07
2070,2.2254692949129766e-17,1.989008860217583e-09,3.4922736506722e-15,3.1212127929012964e-07,1.0343864562103365e-16,9.244808863435154e-09,5.112178543568365e-15,4.56899964489032e-07,-8.118395267190388e-17,-7.255800003217571e-09,-1.6199048928961644e-15,-1.4477868519890234e-07
2071,5.3749748569156356e-17,4.803873339564537e-09,3.5460233992413558e-15,3.169251526296942e-07,1.0239625949339847e-16,9.151645805720832e-09,5.214574803061763e-15,4.6605161029475284e-07,-4.864651092424212e-17,-4.3477724661562946e-09,-1.6685514038204072e-15,-1.4912645766505864e-07
2072,1.1035164730474871e-16,9.862657046334752e-09,3.656375046546105e-15,3.2678780967602893e-07,2.30915893587146e-16,2.0638063142895622e-08,5.4454906966489086e-15,4.866896734376484e-07,-1.205642462823973e-16,-1.077540609656087e-08,-1.7891156501028037e-15,-1.599018637616195e-07
2073,5.893226206584418e-17,5.267059476828783e-09,3.715307308611949e-15,3.3205486915285773e-07,1.1694752247080986e-16,1.0452162108308556e-08,5.562438219119719e-15,4.97141835545957e-07,-5.801526040496568e-17,-5.185102631479774e-09,-1.8471309105077696e-15,-1.6508696639309927e-07
2074,2.1796882143895977e-17,1.9480921084118043e-09,3.7371041907558455e-15,3.3400296126126953e-07,1.0557313534793611e-16,9.435578468235224e-09,5.668011354467655e-15,5.065774140141922e-07,-8.377625320404013e-17,-7.48748635982342e-09,-1.9309071637118092e-15,-1.7257445275292268e-07
2075,5.2501338859410923e-17,4.6922969642112014e-09,3.7896055296152564e-15,3.3869525822548074e-07,1.0464033036388255e-16,9.352209203946625e-09,5.7726516848315365e-15,5.159296232181388e-07,-5.213899150447163e-17,-4.659912239735423e-09,-1.98304615521628e-15,-1.772343649926581e-07
2076,1.0257567929389212e-16,9.167681415544615e-09,3.892181208909149e-15,3.478629396410254e-07,2.309292652576421e-16,2.0639258233349282e-08,6.0035809500891794e-15,5.365688814514881e-07,-1.2835358596375e-16,-1.1471576817804666e-08,-2.1113997411800306e-15,-1.8870594181046272e-07
2077,5.558300366021859e-17,4.967720157289531e-09,3.9477642125693674e-15,3.528306597983149e-07,1.1696523219340928e-16,1.0453744911326452e-08,6.120546182282589e-15,5.470226263628145e-07,-6.138222853319069e-17,-5.486024754036921e-09,-2.1727819697132217e-15,-1.941919665644996e-07
2078,1.890857360627827e-17,1.6899500938041235e-09,3.9666727861756454e-15,3.54520609892119e-07,1.001603364704346e-16,8.951810619784756e-09,6.220706518753024e-15,5.559744369825993e-07,-8.125176286415633e-17,-7.261860525980632e-09,-2.2540337325773784e-15,-2.0145382709048028e-07
2079,5.08740661776344e-17,4.546859784312024e-09,4.017546852353281e-15,3.59067469676431e-07,9.559113651161191e-17,8.54343926085484e-09,6.3162976552646346e-15,5.645178762434541e-07,-4.471707033397751e-17,-3.9965794765428164e-09,-2.298750802911354e-15,-2.054504065670231e-07
2080,1.0002388738140811e-16,8.939615508952957e-09,4.117570739734688e-15,3.6800708518538395e-07,2.0967209493067794e-16,1.8739402763757673e-08,6.525969750195313e-15,5.832572790072118e-07,-1.0964820754926983e-16,-9.799787254804716e-09,-2.408399010460625e-15,-2.1525019382182782e-07
2081,5.452913471012308e-17,4.873530824547911e-09,4.172099874444812e-15,3.728806160099319e-07,1.1081513401745196e-16,9.904081081268288e-09,6.6367848842127646e-15,5.9316136008848e-07,-5.628599930732888e-17,-5.030550256720377e-09,-2.464685009767953e-15,-2.2028074407854813e-07
2082,1.8464963911669106e-17,1.650302563502406e-09,4.190564838356481e-15,3.745309185734342e-07,9.281608327019186e-17,8.295419416349376e-09,6.729600967482957e-15,6.014567795048294e-07,-7.435111935852275e-17,-6.64511685284697e-09,-2.5390361291264764e-15,-2.269258609313952e-07
2083,4.954216074743891e-17,4.42782099515927e-09,4.2401069991039194e-15,3.789587395685935e-07,8.915066485466174e-17,7.967823357326726e-09,6.818751632337619e-15,6.094246028621561e-07,-3.960850410722283e-17,-3.540002362167456e-09,-2.5786446332336998e-15,-2.3046586329356261e-07
2084,9.767563372350092e-17,8.72974079433469e-09,4.337782632827421e-15,3.876884803629282e-07,1.9418838340807191e-16,1.7355549053535134e-08,7.012940015745691e-15,6.267801519156913e-07,-9.6512749684571e-17,-8.625808259200444e-09,-2.6751573829182706e-15,-2.390916715527631e-07
2085,5.3504504733939234e-17,4.781954719421109e-09,4.3912871375613605e-15,3.924704350823493e-07,1.0624435103206865e-16,9.495568239646958e-09,7.119184366777761e-15,6.362757201553383e-07,-5.273984629812942e-17,-4.713613520225849e-09,-2.7278972292164005e-15,-2.43805285072989e-07
2086,1.8330178986221312e-17,1.6382561869672532e-09,4.409617316547581e-15,3.941086912693166e-07,8.75987170218296e-17,7.829118321173021e-09,7.206783083799591e-15,6.441048384765113e-07,-6.926853803560829e-17,-6.190862134205768e-09,-2.7971657672520106e-15,-2.499961472071947e-07
2087,4.810650154762047e-17,4.29950923299661e-09,4.457723818095201e-15,3.9840820050231316e-07,8.43274228859858e-17,7.53674704310398e-09,7.291110506685576e-15,6.516415855196152e-07,-3.622092133836533e-17,-3.2372378101073704e-09,-2.833386688590375e-15,-2.5323338501730207e-07
2088,9.555880098138744e-17,8.540549279120951e-09,4.553282619076589e-15,4.069487497814341e-07,1.8230409423426012e-16,1.629339301668791e-08,7.473414600919836e-15,6.679349785363032e-07,-8.674529325287268e-17,-7.75284373756696e-09,-2.9201319818432477e-15,-2.609862287548691e-07
2089,5.256205118693064e-17,4.697723116692261e-09,4.6058446702635204e-15,4.116464728981264e-07,1.0293586603916336e-16,9.199873035950928e-09,7.576350466959e-15,6.771348515722541e-07,-5.0373814852232716e-17,-4.5021499192586665e-09,-2.9705057966954792e-15,-2.654883786741277e-07
2090,1.792739146102718e-17,1.602257130128881e-09,4.623772061724547e-15,4.1324873002825524e-07,8.357896897550845e-17,7.469854120213207e-09,7.659929435934508e-15,6.846047056924673e-07,-6.565157751448127e-17,-5.867596990084326e-09,-3.036157374209961e-15,-2.713559756642121e-07
2091,4.7176894906149725e-17,4.216425819955196e-09,4.670948956630697e-15,4.174651558482104e-07,8.057285388887491e-17,7.2011831681665885e-09,7.740502289823383e-15,6.918058888606339e-07,-3.339595898272518e-17,-2.9847573482113927e-09,-3.0695533331926863e-15,-2.743407330124235e-07
2092,9.359815546368752e-17,8.365316966755862e-09,4.764547112094385e-15,4.258304728149663e-07,1.7281592079632327e-16,1.5445389358381968e-08,7.913318210619707e-15,7.072512782190159e-07,-7.921776533263575e-17,-7.080072391626106e-09,-3.1487710985253222e-15,-2.814208054040496e-07
2093,5.171422872009641e-17,4.6219491483755805e-09,4.816261340814481e-15,4.304524219633419e-07,1.0051116440971575e-16,8.983165798723291e-09,8.013829375029423e-15,7.162344440177392e-07,-4.879693568961934e-17,-4.361216650347711e-09,-3.1975680342149414e-15,-2.8578202205439734e-07
2094,4.680922213994031e-17,4.183565137881402e-09,4.8630705629544216e-15,4.346359871012233e-07,8.231359214441426e-17,7.356761311684534e-09,8.096142967173836e-15,7.235912053294237e-07,-3.550437000447395e-17,-3.1731961738031323e-09,-3.233072404219415e-15,-2.8895521822820045e-07
2095,1.9254040713265697e-17,1.7208261493975395e-09,4.882324603667687e-15,4.363568132506208e-07,8.093243946028534e-17,7.233321058775847e-09,8.177075406634122e-15,7.308245263881995e-07,-6.167839874701964e-17,-5.512494909378307e-09,-3.294750802966435e-15,-2.944677131375787e-07
2096,8.96822754294306e-17,8.015335949201957e-09,4.972006879097118e-15,4.4437214919982276e-07,1.597229324846698e-16,1.4275206070833069e-08,8.336798339118791e-15,7.450997324590326e-07,-7.004065705523919e-17,-6.259870121631112e-09,-3.3647914600216737e-15,-3.0072758325920986e-07
2097,5.0956020145301444e-17,4.554184404255888e-09,5.022962899242419e-15,4.4892633360407867e-07,9.872678127325512e-17,8.823686902449331e-09,8.435525120392046e-15,7.539234193614819e-07,-4.7770761127953674e-17,-4.269502498193443e-09,-3.4125622211496267e-15,-3.0499708575740326e-07
2098,4.783126757187872e-17,4.274910249868216e-09,5.070794166814298e-15,4.532012438539469e-07,8.415466584739968e-17,7.5213069163317e-09,8.519679786239445e-15,7.614447262778136e-07,-3.632339827552096e-17,-3.2463966664634846e-09,-3.4488856194251475e-15,-3.082434824238667e-07
2099,1.8742599537690113e-17,1.6751161936580823e-09,5.089536766351988e-15,4.54876360047605e-07,7.816056241963351e-17,6.985585086597188e-09,8.597840348659078e-15,7.684303113644108e-07,-5.94179628819434e-17,-5.310468892939106e-09,-3.5083035823070907e-15,-3.135539513168058e-07
2100,4.455842801067593e-17,3.982400849707854e-09,5.134095194362664e-15,4.588587608973128e-07,7.687153325597471e-17,6.8703783554391024e-09,8.674711881915053e-15,7.753006897198499e-07,-3.231310524529878e-17,-2.8879775057312485e-09,-3.5406166875523888e-15,-3.1644192882253707e-07
2101,4.5202229459296116e-17,4.039940479144824e-09,5.17929742382196e-15,4.628987013764576e-07,8.048173298080333e-17,7.193039254704394e-09,8.755193614895856e-15,7.824937289745542e-07,-3.527950352150721e-17,-3.15309877555957e-09,-3.575896191073896e-15,-3.195950275980966e-07
2102,4.7248130465195037e-17,4.222792484210126e-09,5.226545554287155e-15,4.671214938606677e-07,9.237326509797596e-17,8.255842628207834e-09,8.847566879993832e-15,7.90749571602762e-07,-4.512513463278092e-17,-4.033050143997708e-09,-3.621021325706677e-15,-3.236280777420943e-07
2103,5.0320153911917997e-17,4.497353983139594e-09,5.276865708199073e-15,4.716188478438073e-07,1.0003291598678995e-16,8.940422438805503e-09,8.947599795980622e-15,7.996899940415676e-07,-4.9712762074871956e-17,-4.443068455665908e-09,-3.6707340877815484e-15,-3.2807114619776025e-07
2104,5.983638555489524e-17,5.347865338071803e-09,5.336702093753969e-15,4.769667131818792e-07,1.3228903542066686e-16,1.1823306848708202e-08,9.079888831401287e-15,8.115133008902757e-07,-7.245264986577162e-17,-6.4754415106364e-09,-3.743186737647318e-15,-3.3454658770839657e-07
2105,4.429685905381981e-17,3.959023174988462e-09,5.380998952807789e-15,4.809257363568676e-07,7.665983000492468e-17,6.851457418491649e-09,9.156548661406211e-15,8.183647583087674e-07,-3.2362970951104866e-17,-2.892434243503187e-09,-3.775549708598422e-15,-3.374390219518998e-07
2106,4.5732269175933604e-17,4.087312675879642e-09,5.426731221983722e-15,4.850130490327473e-07,8.742032895028964e-17,7.813174921924103e-09,9.243968990356502e-15,8.261779332306915e-07,-4.1688059774356036e-17,-3.725862246044461e-09,-3.8172377683727804e-15,-3.411648841979442e-07
2107,4.9603688661964685e-17,4.433320040570601e-09,5.476334910645687e-15,4.894463690733179e-07,9.762681125863448e-17,8.725377296019122e-09,9.341595801615135e-15,8.349033105267106e-07,-4.8023122596669795e-17,-4.292057255448521e-09,-3.865260890969448e-15,-3.454569414533927e-07
2108,5.952571150055027e-17,5.320098904801108e-09,5.535860622146237e-15,4.94766467978119e-07,1.3251322769647391e-16,1.18433439898178e-08,9.474109029311611e-15,8.467466545165283e-07,-7.298751619592364e-17,-6.523245085016691e-09,-3.938248407165374e-15,-3.519801865384093e-07
2109,4.3507121783596306e-17,3.8884405598380706e-09,5.579367743929834e-15,4.986549085379571e-07,7.3227150619725e-17,6.544662365104252e-09,9.547336179931335e-15,8.532913168816325e-07,-2.9720028836128696e-17,-2.656221805266181e-09,-3.9679684360015015e-15,-3.5463640834367546e-07
2110,4.477646374754707e-17,4.0018877513457276e-09,5.624144207677381e-15,5.026567962893028e-07,8.394882830153525e-17,7.502910225646027e-09,9.631285008232872e-15,8.607942271072785e-07,-3.9172364553988185e-17,-3.5010224743003e-09,-4.007140800555491e-15,-3.5813743081797574e-07
2111,4.8947506833214886e-17,4.3746739170639566e-09,5.673091714510596e-15,5.070314702063668e-07,9.556197727377048e-17,8.540833159635813e-09,9.726846985506643e-15,8.693350602669144e-07,-4.661447044055559e-17,-4.166159242571856e-09,-4.053755270996047e-15,-3.623035900605476e-07
2112,5.894919816947784e-17,5.2685731378018615e-09,5.7320409126800735e-15,5.123000433441686e-07,1.3123197107789992e-16,1.1728831928367153e-08,9.858078956584544e-15,8.810638921952816e-07,-7.228277290842208e-17,-6.4602587905652915e-09,-4.12603804390447e-15,-3.687638488511129e-07
2113,4.293545160376964e-17,3.837347648540819e-09,5.7749763642838426e-15,5.161373909927095e-07,7.170510505904474e-17,6.408629838716766e-09,9.929784061643588e-15,8.874725220339983e-07,-2.87696534552751e-17,-2.5712821901759466e-09,-4.1548076973597454e-15,-3.7133513104128884e-07
2114,4.403676101927797e-17,3.93577696366524e-09,5.8190131253031215e-15,5.200731679563747e-07,8.097961312550044e-17,7.237537195942794e-09,1.0010763674769088e-14,8.947100592299411e-07,-3.694285210622247e-17,-3.3017602322775537e-09,-4.191750549465967e-15,-3.746368912735664e-07
2115,4.834357981399769e-17,4.320698057010817e-09,5.867356705117119e-15,5.243938660133855e-07,9.376547547044252e-17,8.380271159864171e-09,1.0104529150239532e-14,9.030903303898053e-07,-4.542189565644483e-17,-4.059573102853354e-09,-4.2371724451224136e-15,-3.786964643764197e-07
2116,5.83594337257118e-17,5.21586305517914e-09,5.9257161388428305e-15,5.296097290685647e-07,1.3011063458050314e-16,1.1628612696688435e-08,1.0234639784820032e-14,9.147189430864936e-07,-7.175120085479134e-17,-6.412749641509295e-09,-4.3089236459772014e-15,-3.8510921401792893e-07
2117,4.242222576123808e-17,3.791478188538774e-09,5.968138364604069e-15,5.334012072571035e-07,7.040163219092904e-17,6.2921322042779715e-09,1.0305041417010962e-14,9.210110752907716e-07,-2.797940642969096e-17,-2.5006540157391974e-09,-4.336903052406894e-15,-3.876098680336681e-07
2118,4.3398263726583347e-17,3.878711392133991e-09,6.011536628330652e-15,5.372799186492374e-07,7.835076848842306e-17,7.002584717055104e-09,1.0383392185499383e-14,9.280136600078268e-07,-3.495250476183971e-17,-3.1238733249211136e-09,-4.371855557168732e-15,-3.907337413585894e-07
2119,4.778525269171866e-17,4.270797678890515e-09,6.0593218810223705e-15,5.415507163281279e-07,9.218316132298955e-17,8.238852140238708e-09,1.0475575346822377e-14,9.362525121480654e-07,-4.439790863127089e-17,-3.968054461348193e-09,-4.416253465800006e-15,-3.947017958199375e-07
2120,5.779053447330938e-17,5.165017794982285e-09,6.117112415495681e-15,5.467157341231102e-07,1.291717667029418e-16,1.154470156247006e-08,1.0604747113525318e-14,9.477972137105356e-07,-7.138123222963243e-17,-6.379683767487775e-09,-4.487634698029637e-15,-4.010814795874254e-07
2121,4.1952945658441233e-17,3.749536370490763e-09,6.159065361154121e-15,5.50465270493601e-07,6.926079355684584e-17,6.190169972920438e-09,1.0674007907082164e-14,9.53987383683456e-07,-2.7307847898404604e-17,-2.4406336024296743e-09,-4.514942545928043e-15,-4.03522113189855e-07
2122,4.2823115254816406e-17,3.827307609170103e-09,6.201888476408938e-15,5.542925781027711e-07,7.595475970067765e-17,6.78844189698213e-09,1.074996266678284e-14,9.60775825580438e-07,-3.3131644445861244e-17,-2.961134287812027e-09,-4.548074190373902e-15,-4.064832474776669e-07
2123,4.7266969135592116e-17,4.224476186718184e-09,6.24915544554453e-15,5.585170542894893e-07,9.077431013329216e-17,8.1129363387742e-09,1.0840736976916134e-14,9.688887619192122e-07,-4.350734099770004e-17,-3.888460152056015e-09,-4.5915815313716036e-15,-4.103717076297228e-07
2124,4.7143089963895166e-17,4.2134045098064935e-09,6.296298535508425e-15,5.627304587992958e-07,9.044539355279292e-17,8.083539483271368e-09,1.0931182370468926e-14,9.769723014024835e-07,-4.3302303588897754e-17,-3.870134973464874e-09,-4.634883834960501e-15,-4.1424184260318767e-07
