case,stage,component_code,component_name,exchange_type,input_database,input_code,input_name,amount_per_kwh_th,quantity_per_FU,unit,normalization_basis,inclusion_status
GEN,A,GEN_A1A5_construction,GEN A1-A5 construction & installation (non-B6),technosphere,ecoinvent_2025_SSP2-PkBudg1000,a3bf440de6824f33b807512849bd6264,"heat pump production, brine-water, 10kW",1.4719145367530752e-06,131.55207586,unit,"89,374,805.789 kWh_th lifetime delivered service",modeled_in_core_LCIA
GEN,A,GEN_A1A5_construction,GEN A1-A5 construction & installation (non-B6),technosphere,ecoinvent_2025_SSP2-PkBudg1000,20b7ed15ddd2446ba2d73a25bc686d06,market for bentonite,0.0044729053398418,399765.04606,kilogram,"89,374,805.789 kWh_th lifetime delivered service",modeled_in_core_LCIA
GEN,A,GEN_A1A5_construction,GEN A1-A5 construction & installation (non-B6),technosphere,ecoinvent_2025_SSP2-PkBudg1000,2a78e7784fd74dab83d5886295074aaa,"market for building, hall, steel construction",6.713301301240638e-07,60.0,square meter,"89,374,805.789 kWh_th lifetime delivered service",modeled_in_core_LCIA
GEN,A,GEN_A1A5_construction,GEN A1-A5 construction & installation (non-B6),technosphere,ecoinvent_2025_SSP2-PkBudg1000,1822772cf0ae493da8b28da946bba1d9,"market for diesel, burned in building machine",0.3215347289023708,28737103.95,megajoule,"89,374,805.789 kWh_th lifetime delivered service",modeled_in_core_LCIA
GEN,A,GEN_A1A5_construction,GEN A1-A5 construction & installation (non-B6),technosphere,ecoinvent_2025_SSP2-PkBudg1000,ee078d7a051b49a99b8700f257c60f22,"market for extrusion, plastic pipes",0.0004044192367972,36144.890746,kilogram,"89,374,805.789 kWh_th lifetime delivered service",modeled_in_core_LCIA
GEN,A,GEN_A1A5_construction,GEN A1-A5 construction & installation (non-B6),technosphere,ecoinvent_2025_SSP2-PkBudg1000,642f631516cf47d19184bc70ce7d7ff7,"market for gravel, round",0.0002243597886118,20052.112534,kilogram,"89,374,805.789 kWh_th lifetime delivered service",modeled_in_core_LCIA
GEN,A,GEN_A1A5_construction,GEN A1-A5 construction & installation (non-B6),technosphere,ecoinvent_2025_SSP2-PkBudg1000,405872afd51944e59db7e476720ff9e3,"market for polyethylene, high density, granulate",0.0004044192367972,36144.890746,kilogram,"89,374,805.789 kWh_th lifetime delivered service",modeled_in_core_LCIA
GEN,A,GEN_A1A5_construction,GEN A1-A5 construction & installation (non-B6),technosphere,ecoinvent_2025_SSP2-PkBudg1000,da60c3c633d74cfbb281a41826a0a2f8,"market for propylene glycol, liquid",0.0001986370102996,17753.144217999998,kilogram,"89,374,805.789 kWh_th lifetime delivered service",modeled_in_core_LCIA
GEN,A,GEN_A1A5_construction,GEN A1-A5 construction & installation (non-B6),technosphere,ecoinvent_2025_SSP2-PkBudg1000,1b26819bb7a744ffbaefb4eba07b8e81,"market for pump, 40W",1.5719475635227015e-05,1404.925082,unit,"89,374,805.789 kWh_th lifetime delivered service",modeled_in_core_LCIA
GEN,A,GEN_A1A5_construction,GEN A1-A5 construction & installation (non-B6),technosphere,ecoinvent_2025_SSP2-PkBudg1000,1204ab0914334c0391e916e4f6001ce8,"market for steel, low-alloyed, hot rolled",0.0012091163430833,108064.538339124,kilogram,"89,374,805.789 kWh_th lifetime delivered service",modeled_in_core_LCIA
GEN,A,GEN_A1A5_construction,GEN A1-A5 construction & installation (non-B6),technosphere,ecoinvent_2025_SSP2-PkBudg1000,37f77c2284bc42da8ce74c7d6c762e45,market for tap water,0.0005744753823055,51343.625724000005,kilogram,"89,374,805.789 kWh_th lifetime delivered service",modeled_in_core_LCIA
GEN,A,GEN_A1A5_construction,GEN A1-A5 construction & installation (non-B6),technosphere,ecoinvent_2025_SSP2-PkBudg1000,9658a6d7053e4397a5ed284560789429,"market for transport, freight, lorry >32 metric ton, EURO6",0.0002143564859349,19158.0693,ton kilometer,"89,374,805.789 kWh_th lifetime delivered service",modeled_in_core_LCIA
GEN,B,GEN_B_fluid_topups,GEN B2-B4 working fluid top-ups (spread over life),technosphere,ecoinvent_2025_SSP2-PkBudg1000,da60c3c633d74cfbb281a41826a0a2f8,"market for propylene glycol, liquid",0.0001486204969148,13282.928048,kilogram,"89,374,805.789 kWh_th lifetime delivered service",modeled_in_core_LCIA
GEN,B,GEN_B_fluid_topups,GEN B2-B4 working fluid top-ups (spread over life),technosphere,ecoinvent_2025_SSP2-PkBudg1000,37f77c2284bc42da8ce74c7d6c762e45,market for tap water,0.0004315710583489,38571.579524,kilogram,"89,374,805.789 kWh_th lifetime delivered service",modeled_in_core_LCIA
GEN,B,GEN_B_hp_replacement,GEN B2-B4 heat pump replacement (year 25),technosphere,ecoinvent_2025_SSP2-PkBudg1000,a3bf440de6824f33b807512849bd6264,"heat pump production, brine-water, 10kW",1.4719145367530752e-06,131.55207586,unit,"89,374,805.789 kWh_th lifetime delivered service",modeled_in_core_LCIA
GEN,B,GEN_B_hp_replacement,GEN B2-B4 heat pump replacement (year 25),technosphere,ecoinvent_2025_SSP2-PkBudg1000,1204ab0914334c0391e916e4f6001ce8,"market for steel, low-alloyed, hot rolled",1.4576241043574142e-07,13.027487124,kilogram,"89,374,805.789 kWh_th lifetime delivered service",modeled_in_core_LCIA
GEN,B,GEN_B_pump_replacements,GEN B2-B4 pump replacements (years 15/30/45),technosphere,ecoinvent_2025_SSP2-PkBudg1000,1b26819bb7a744ffbaefb4eba07b8e81,"market for pump, 40W",4.7015522581724445e-05,4202.0031998,unit,"89,374,805.789 kWh_th lifetime delivered service",modeled_in_core_LCIA
GEN,B,GEN_B_refrig_chem_wastewater,GEN B2-B4 refrigerant + chemicals + wastewater (spread over life),technosphere,ecoinvent_2025_SSP2-PkBudg1000,5e535e58971045cc948a167ce020f3f8,"market for chemical, inorganic",1.4290432395660926e-07,12.7720462,kilogram,"89,374,805.789 kWh_th lifetime delivered service",modeled_in_core_LCIA
GEN,B,GEN_B_refrig_chem_wastewater,GEN B2-B4 refrigerant + chemicals + wastewater (spread over life),technosphere,ecoinvent_2025_SSP2-PkBudg1000,2830d3cd9f5a4ff68163449d31e50d3c,market for used refrigerant R134a,7.145216197830461e-07,63.860231,kilogram,"89,374,805.789 kWh_th lifetime delivered service",modeled_in_core_LCIA
GEN,B,GEN_B_refrig_chem_wastewater,GEN B2-B4 refrigerant + chemicals + wastewater (spread over life),technosphere,ecoinvent_2025_SSP2-PkBudg1000,10458ea09a154bb9932b8c6076eec868,"market for wastewater, average",0.0001429043239566,12772.0462,cubic meter,"89,374,805.789 kWh_th lifetime delivered service",modeled_in_core_LCIA
GEN,B6,B6_operation,Operational energy and direct emissions,technosphere,,electricity_medium_voltage,electricity_medium_voltage,0.2436144165779319,21772991.169001568,kilowatt hour,"89,374,805.789 kWh_th lifetime delivered service",modeled_in_core_LCIA
GEN,C,GEN_C1C4_EOL,GEN C1-C4 end-of-life (year 50),technosphere,ecoinvent_2025_SSP2-PkBudg1000,20b7ed15ddd2446ba2d73a25bc686d06,market for bentonite,0.0002243597886118,20052.112534,kilogram,"89,374,805.789 kWh_th lifetime delivered service",modeled_in_core_LCIA
GEN,C,GEN_C1C4_EOL,GEN C1-C4 end-of-life (year 50),technosphere,ecoinvent_2025_SSP2-PkBudg1000,86284edad964432f95ea804bb36e6472,market for scrap steel,0.0012089705806729,108051.510852,kilogram,"89,374,805.789 kWh_th lifetime delivered service",modeled_in_core_LCIA
GEN,C,GEN_C1C4_EOL,GEN C1-C4 end-of-life (year 50),technosphere,ecoinvent_2025_SSP2-PkBudg1000,544203331fbb420ea946211bbf907c77,"treatment of spent solvent mixture, hazardous waste incineration, with energy recovery",0.0007731123926052,69096.769942,kilogram,"89,374,805.789 kWh_th lifetime delivered service",modeled_in_core_LCIA
GEN,C,GEN_C1C4_EOL,GEN C1-C4 end-of-life (year 50),technosphere,ecoinvent_2025_SSP2-PkBudg1000,b480d383ca09476a873ff75ba237abdd,"treatment of waste polyethylene, sanitary landfill",0.0002029241400183,18136.305604,kilogram,"89,374,805.789 kWh_th lifetime delivered service",modeled_in_core_LCIA
REF,A,REF_A1A5_construction,"REF A1-A5 corrected new conventional equipment, local gas/oil infrastructure, and installation",technosphere,ecoinvent_2025_SSP2-PkBudg1000,66ed3fbe0309491db23892b706fac3f5,"cement, all types to generic market for cement, unspecified",0.0005602455810458,50071.84,kilogram,"89,374,805.789 kWh_th lifetime delivered service",modeled_in_core_LCIA
REF,A,REF_A1A5_construction,"REF A1-A5 corrected new conventional equipment, local gas/oil infrastructure, and installation",technosphere,ecoinvent_2025_SSP2-PkBudg1000,ccb1e7335b904c389f23e40ae7657c4a,"market for air compressor, screw-type compressor, 300kW",1.1188835502067728e-10,0.01,unit,"89,374,805.789 kWh_th lifetime delivered service",modeled_in_core_LCIA
REF,A,REF_A1A5_construction,"REF A1-A5 corrected new conventional equipment, local gas/oil infrastructure, and installation",technosphere,ecoinvent_2025_SSP2-PkBudg1000,2bbe4ae8547e4b27a01c276caf9f4a7b,"market for aluminium, primary, ingot",1.940759462011158e-05,1734.55,kilogram,"89,374,805.789 kWh_th lifetime delivered service",modeled_in_core_LCIA
REF,A,REF_A1A5_construction,"REF A1-A5 corrected new conventional equipment, local gas/oil infrastructure, and installation",technosphere,ecoinvent_2025_SSP2-PkBudg1000,2a78e7784fd74dab83d5886295074aaa,"market for building, hall, steel construction",3.356650650620319e-07,30.0,square meter,"89,374,805.789 kWh_th lifetime delivered service",modeled_in_core_LCIA
REF,A,REF_A1A5_construction,"REF A1-A5 corrected new conventional equipment, local gas/oil infrastructure, and installation",technosphere,ecoinvent_2025_SSP2-PkBudg1000,88afa9df916e465f98aa82c553d04d42,"market for copper, cathode",1.5202830238434528e-05,1358.75,kilogram,"89,374,805.789 kWh_th lifetime delivered service",modeled_in_core_LCIA
REF,A,REF_A1A5_construction,"REF A1-A5 corrected new conventional equipment, local gas/oil infrastructure, and installation",technosphere,ecoinvent_2025_SSP2-PkBudg1000,1822772cf0ae493da8b28da946bba1d9,"market for diesel, burned in building machine",0.0002578551057717,23045.75,megajoule,"89,374,805.789 kWh_th lifetime delivered service",modeled_in_core_LCIA_directional_drilling
REF,A,REF_A1A5_construction,"REF A1-A5 corrected new conventional equipment, local gas/oil infrastructure, and installation",technosphere,ecoinvent_2025_SSP2-PkBudg1000,3430a8dad71046db860182c4255f8974,"market for excavation, hydraulic digger",1.554462454758459e-05,1389.2977999999998,cubic meter,"89,374,805.789 kWh_th lifetime delivered service",modeled_in_core_LCIA_trench_plus_cavern_proxy
REF,A,REF_A1A5_construction,"REF A1-A5 corrected new conventional equipment, local gas/oil infrastructure, and installation",technosphere,ecoinvent_2025_SSP2-PkBudg1000,ee078d7a051b49a99b8700f257c60f22,"market for extrusion, plastic pipes",9.428272235817371e-05,8426.5,kilogram,"89,374,805.789 kWh_th lifetime delivered service",modeled_in_core_LCIA
REF,A,REF_A1A5_construction,"REF A1-A5 corrected new conventional equipment, local gas/oil infrastructure, and installation",technosphere,ecoinvent_2025_SSP2-PkBudg1000,e88835d8a4744e23889e37365710a516,"market for pipeline, natural gas, high pressure distribution network",5.594417751033864e-10,0.05,kilometer,"89,374,805.789 kWh_th lifetime delivered service",modeled_in_core_LCIA
REF,A,REF_A1A5_construction,"REF A1-A5 corrected new conventional equipment, local gas/oil infrastructure, and installation",technosphere,ecoinvent_2025_SSP2-PkBudg1000,405872afd51944e59db7e476720ff9e3,"market for polyethylene, high density, granulate",9.428272235817371e-05,8426.5,kilogram,"89,374,805.789 kWh_th lifetime delivered service",modeled_in_core_LCIA
REF,A,REF_A1A5_construction,"REF A1-A5 corrected new conventional equipment, local gas/oil infrastructure, and installation",technosphere,ecoinvent_2025_SSP2-PkBudg1000,a46c157428744bcfa29af904ef0675b1,market for refrigerant R134a,4.609800226851904e-06,412.0,kilogram,"89,374,805.789 kWh_th lifetime delivered service",modeled_in_core_LCIA
REF,A,REF_A1A5_construction,"REF A1-A5 corrected new conventional equipment, local gas/oil infrastructure, and installation",technosphere,ecoinvent_2025_SSP2-PkBudg1000,ebbb7d80857f453eb4e3e9ed0477971d,market for sand,0.0129287441779812,1155504.0,kilogram,"89,374,805.789 kWh_th lifetime delivered service",modeled_in_core_LCIA
REF,A,REF_A1A5_construction,"REF A1-A5 corrected new conventional equipment, local gas/oil infrastructure, and installation",technosphere,ecoinvent_2025_SSP2-PkBudg1000,1204ab0914334c0391e916e4f6001ce8,"market for steel, low-alloyed, hot rolled",0.0004873101498304,43553.25000000001,kilogram,"89,374,805.789 kWh_th lifetime delivered service",modeled_in_core_LCIA
REF,A,REF_A1A5_construction,"REF A1-A5 corrected new conventional equipment, local gas/oil infrastructure, and installation",technosphere,ecoinvent_2025_SSP2-PkBudg1000,9658a6d7053e4397a5ed284560789429,"market for transport, freight, lorry >32 metric ton, EURO6",0.0007213431115291,64469.9005,ton kilometer,"89,374,805.789 kWh_th lifetime delivered service",modeled_in_core_LCIA
REF,A,REF_A1A5_construction,"REF A1-A5 corrected new conventional equipment, local gas/oil infrastructure, and installation",technosphere,ecoinvent_2025_SSP2-PkBudg1000,6de87f9cd16349f883f7c88691de1735,"transport, freight train, diesel-electric",0.0011643892714679,104067.06500000002,ton kilometer,"89,374,805.789 kWh_th lifetime delivered service",modeled_in_core_LCIA
REF,B,REF_B2B4_consumables_spread,REF B2-B4 corrected annual refrigerant top-up and filter maintenance,biosphere,biosphere3,fa0c2bee-8dd9-4f8a-8489-b1f3b43de958,"Ethane, 1,1,1,2-tetrafluoro-, HFC-134a",4.609800226851904e-06,412.0,kilogram,"89,374,805.789 kWh_th lifetime delivered service",modeled_in_core_LCIA
REF,B,REF_B2B4_consumables_spread,REF B2-B4 corrected annual refrigerant top-up and filter maintenance,technosphere,ecoinvent_2025_SSP2-PkBudg1000,66cb6520c9744aedb9bc718344be2b6f,market for glass fibre,4.13986913576506e-05,3700.0,kilogram,"89,374,805.789 kWh_th lifetime delivered service",modeled_in_core_LCIA
REF,B,REF_B2B4_consumables_spread,REF B2-B4 corrected annual refrigerant top-up and filter maintenance,technosphere,ecoinvent_2025_SSP2-PkBudg1000,a46c157428744bcfa29af904ef0675b1,market for refrigerant R134a,4.609800226851904e-06,412.0,kilogram,"89,374,805.789 kWh_th lifetime delivered service",modeled_in_core_LCIA
REF,B,REF_B2B4_consumables_spread,REF B2-B4 corrected annual refrigerant top-up and filter maintenance,technosphere,ecoinvent_2025_SSP2-PkBudg1000,9658a6d7053e4397a5ed284560789429,"market for transport, freight, lorry >32 metric ton, EURO6",1.448954197517771e-05,1295.0,ton kilometer,"89,374,805.789 kWh_th lifetime delivered service",modeled_in_core_LCIA
REF,B,REF_B2B4_replacement_y20,REF B2-B4 corrected heating/cooling equipment replacement at year 20,technosphere,ecoinvent_2025_SSP2-PkBudg1000,2bbe4ae8547e4b27a01c276caf9f4a7b,"market for aluminium, primary, ingot",1.940759462011158e-05,1734.55,kilogram,"89,374,805.789 kWh_th lifetime delivered service",modeled_in_core_LCIA
REF,B,REF_B2B4_replacement_y20,REF B2-B4 corrected heating/cooling equipment replacement at year 20,technosphere,ecoinvent_2025_SSP2-PkBudg1000,88afa9df916e465f98aa82c553d04d42,"market for copper, cathode",1.5202830238434528e-05,1358.75,kilogram,"89,374,805.789 kWh_th lifetime delivered service",modeled_in_core_LCIA
REF,B,REF_B2B4_replacement_y20,REF B2-B4 corrected heating/cooling equipment replacement at year 20,technosphere,ecoinvent_2025_SSP2-PkBudg1000,a46c157428744bcfa29af904ef0675b1,market for refrigerant R134a,4.609800226851904e-06,412.0,kilogram,"89,374,805.789 kWh_th lifetime delivered service",modeled_in_core_LCIA
REF,B,REF_B2B4_replacement_y20,REF B2-B4 corrected heating/cooling equipment replacement at year 20,technosphere,ecoinvent_2025_SSP2-PkBudg1000,1204ab0914334c0391e916e4f6001ce8,"market for steel, low-alloyed, hot rolled",0.0001317065799037,11771.25,kilogram,"89,374,805.789 kWh_th lifetime delivered service",modeled_in_core_LCIA
REF,B,REF_B2B4_replacement_y20,REF B2-B4 corrected heating/cooling equipment replacement at year 20,technosphere,ecoinvent_2025_SSP2-PkBudg1000,9658a6d7053e4397a5ed284560789429,"market for transport, freight, lorry >32 metric ton, EURO6",1.1964876349237892e-05,1069.3584999999998,ton kilometer,"89,374,805.789 kWh_th lifetime delivered service",modeled_in_core_LCIA
REF,B,REF_B2B4_replacement_y20,REF B2-B4 corrected heating/cooling equipment replacement at year 20,technosphere,ecoinvent_2025_SSP2-PkBudg1000,6de87f9cd16349f883f7c88691de1735,"transport, freight train, diesel-electric",0.0003931316514749,35136.064999999995,ton kilometer,"89,374,805.789 kWh_th lifetime delivered service",modeled_in_core_LCIA
REF,B,REF_B2B4_replacement_y40,REF B2-B4 corrected heating/cooling equipment replacement at year 40,technosphere,ecoinvent_2025_SSP2-PkBudg1000,2bbe4ae8547e4b27a01c276caf9f4a7b,"market for aluminium, primary, ingot",1.940759462011158e-05,1734.55,kilogram,"89,374,805.789 kWh_th lifetime delivered service",modeled_in_core_LCIA
REF,B,REF_B2B4_replacement_y40,REF B2-B4 corrected heating/cooling equipment replacement at year 40,technosphere,ecoinvent_2025_SSP2-PkBudg1000,88afa9df916e465f98aa82c553d04d42,"market for copper, cathode",1.5202830238434528e-05,1358.75,kilogram,"89,374,805.789 kWh_th lifetime delivered service",modeled_in_core_LCIA
REF,B,REF_B2B4_replacement_y40,REF B2-B4 corrected heating/cooling equipment replacement at year 40,technosphere,ecoinvent_2025_SSP2-PkBudg1000,a46c157428744bcfa29af904ef0675b1,market for refrigerant R134a,4.609800226851904e-06,412.0,kilogram,"89,374,805.789 kWh_th lifetime delivered service",modeled_in_core_LCIA
REF,B,REF_B2B4_replacement_y40,REF B2-B4 corrected heating/cooling equipment replacement at year 40,technosphere,ecoinvent_2025_SSP2-PkBudg1000,1204ab0914334c0391e916e4f6001ce8,"market for steel, low-alloyed, hot rolled",0.0001317065799037,11771.25,kilogram,"89,374,805.789 kWh_th lifetime delivered service",modeled_in_core_LCIA
REF,B,REF_B2B4_replacement_y40,REF B2-B4 corrected heating/cooling equipment replacement at year 40,technosphere,ecoinvent_2025_SSP2-PkBudg1000,9658a6d7053e4397a5ed284560789429,"market for transport, freight, lorry >32 metric ton, EURO6",1.1964876349237892e-05,1069.3584999999998,ton kilometer,"89,374,805.789 kWh_th lifetime delivered service",modeled_in_core_LCIA
REF,B,REF_B2B4_replacement_y40,REF B2-B4 corrected heating/cooling equipment replacement at year 40,technosphere,ecoinvent_2025_SSP2-PkBudg1000,6de87f9cd16349f883f7c88691de1735,"transport, freight train, diesel-electric",0.0003931316514749,35136.064999999995,ton kilometer,"89,374,805.789 kWh_th lifetime delivered service",modeled_in_core_LCIA
REF,B6,B6_operation,Operational energy and direct emissions,biosphere,,carbon_dioxide_fossil,carbon_dioxide_fossil,0.0521202276438343,4658235.223335112,kilogram,"89,374,805.789 kWh_th lifetime delivered service",modeled_in_core_LCIA
REF,B6,B6_operation,Operational energy and direct emissions,biosphere,,dinitrogen_monoxide,dinitrogen_monoxide,1.0696897927097627e-07,9.560331747768396,kilogram,"89,374,805.789 kWh_th lifetime delivered service",modeled_in_core_LCIA
REF,B6,B6_operation,Operational energy and direct emissions,biosphere,,methane_fossil,methane_fossil,0.0003196689820932,28570.35319128447,kilogram,"89,374,805.789 kWh_th lifetime delivered service",modeled_in_core_LCIA
REF,B6,B6_operation,Operational energy and direct emissions,technosphere,,electricity_medium_voltage,electricity_medium_voltage,0.4880503358445612,43619403.981260434,kilowatt hour,"89,374,805.789 kWh_th lifetime delivered service",modeled_in_core_LCIA
REF,B6,B6_operation,Operational energy and direct emissions,technosphere,,light_fuel_oil,light_fuel_oil,0.0040408890059937,361153.6701247391,kilogram,"89,374,805.789 kWh_th lifetime delivered service",modeled_in_core_LCIA
REF,B6,B6_operation,Operational energy and direct emissions,technosphere,,natural_gas_high_pressure,natural_gas_high_pressure,0.0205934736978211,1840537.712259282,cubic meter,"89,374,805.789 kWh_th lifetime delivered service",modeled_in_core_LCIA
REF,C,REF_C1C4_EOL_final_y50,REF C1-C4 corrected final EOL with gas line abandonment and oil tank disposal,biosphere,biosphere3,fa0c2bee-8dd9-4f8a-8489-b1f3b43de958,"Ethane, 1,1,1,2-tetrafluoro-, HFC-134a",9.21960045370381e-07,82.4,kilogram,"89,374,805.789 kWh_th lifetime delivered service",modeled_in_core_LCIA
REF,C,REF_C1C4_EOL_final_y50,REF C1-C4 corrected final EOL with gas line abandonment and oil tank disposal,technosphere,ecoinvent_2025_SSP2-PkBudg1000,8d5f1084dbc04e9db9e8bce6257e45c0,market for scrap aluminium,1.7466835158100423e-05,1561.095,kilogram,"89,374,805.789 kWh_th lifetime delivered service",modeled_in_core_LCIA
REF,C,REF_C1C4_EOL_final_y50,REF C1-C4 corrected final EOL with gas line abandonment and oil tank disposal,technosphere,ecoinvent_2025_SSP2-PkBudg1000,76a711d4d08644a4a09c52e4467041d8,market for scrap copper,6.2331603977581564e-06,557.0875,kilogram,"89,374,805.789 kWh_th lifetime delivered service",modeled_in_core_LCIA
REF,C,REF_C1C4_EOL_final_y50,REF C1-C4 corrected final EOL with gas line abandonment and oil tank disposal,technosphere,ecoinvent_2025_SSP2-PkBudg1000,86284edad964432f95ea804bb36e6472,market for scrap steel,0.0002881611995987,25754.35125,kilogram,"89,374,805.789 kWh_th lifetime delivered service",modeled_in_core_LCIA
REF,C,REF_C1C4_EOL_final_y50,REF C1-C4 corrected final EOL with gas line abandonment and oil tank disposal,technosphere,ecoinvent_2025_SSP2-PkBudg1000,9658a6d7053e4397a5ed284560789429,"market for transport, freight, lorry >32 metric ton, EURO6",2.895111186160025e-07,25.874999999999996,ton kilometer,"89,374,805.789 kWh_th lifetime delivered service",modeled_in_core_LCIA
REF,C,REF_C1C4_EOL_final_y50,REF C1-C4 corrected final EOL with gas line abandonment and oil tank disposal,technosphere,ecoinvent_2025_SSP2-PkBudg1000,57df1284620a4603b75abc30683fef67,"treatment of scrap steel, inert material landfill",9.650370620533416e-06,862.4999999999999,kilogram,"89,374,805.789 kWh_th lifetime delivered service",modeled_in_core_LCIA
REF,C,REF_C1C4_EOL_final_y50,REF C1-C4 corrected final EOL with gas line abandonment and oil tank disposal,technosphere,ecoinvent_2025_SSP2-PkBudg1000,399a42cfaf454b9bbe7a2d62de419024,"treatment of used refrigerant R134a, reclamation",3.687840181481524e-06,329.6,kilogram,"89,374,805.789 kWh_th lifetime delivered service",modeled_in_core_LCIA
REF,C,REF_C1C4_EOL_removed_y20,REF C1-C4 EOL of removed equipment at year 20,biosphere,biosphere3,fa0c2bee-8dd9-4f8a-8489-b1f3b43de958,"Ethane, 1,1,1,2-tetrafluoro-, HFC-134a",9.21960045370381e-07,82.4,kilogram,"89,374,805.789 kWh_th lifetime delivered service",modeled_in_core_LCIA
REF,C,REF_C1C4_EOL_removed_y20,REF C1-C4 EOL of removed equipment at year 20,technosphere,ecoinvent_2025_SSP2-PkBudg1000,8d5f1084dbc04e9db9e8bce6257e45c0,market for scrap aluminium,1.7466835158100423e-05,1561.095,kilogram,"89,374,805.789 kWh_th lifetime delivered service",modeled_in_core_LCIA
REF,C,REF_C1C4_EOL_removed_y20,REF C1-C4 EOL of removed equipment at year 20,technosphere,ecoinvent_2025_SSP2-PkBudg1000,76a711d4d08644a4a09c52e4467041d8,market for scrap copper,6.2331603977581564e-06,557.0875,kilogram,"89,374,805.789 kWh_th lifetime delivered service",modeled_in_core_LCIA
REF,C,REF_C1C4_EOL_removed_y20,REF C1-C4 EOL of removed equipment at year 20,technosphere,ecoinvent_2025_SSP2-PkBudg1000,86284edad964432f95ea804bb36e6472,market for scrap steel,8.126295980059201e-05,7262.86125,kilogram,"89,374,805.789 kWh_th lifetime delivered service",modeled_in_core_LCIA
REF,C,REF_C1C4_EOL_removed_y20,REF C1-C4 EOL of removed equipment at year 20,technosphere,ecoinvent_2025_SSP2-PkBudg1000,399a42cfaf454b9bbe7a2d62de419024,"treatment of used refrigerant R134a, reclamation",3.687840181481524e-06,329.6,kilogram,"89,374,805.789 kWh_th lifetime delivered service",modeled_in_core_LCIA
REF,C,REF_C1C4_EOL_removed_y40,REF C1-C4 EOL of removed equipment at year 40,biosphere,biosphere3,fa0c2bee-8dd9-4f8a-8489-b1f3b43de958,"Ethane, 1,1,1,2-tetrafluoro-, HFC-134a",9.21960045370381e-07,82.4,kilogram,"89,374,805.789 kWh_th lifetime delivered service",modeled_in_core_LCIA
REF,C,REF_C1C4_EOL_removed_y40,REF C1-C4 EOL of removed equipment at year 40,technosphere,ecoinvent_2025_SSP2-PkBudg1000,8d5f1084dbc04e9db9e8bce6257e45c0,market for scrap aluminium,1.7466835158100423e-05,1561.095,kilogram,"89,374,805.789 kWh_th lifetime delivered service",modeled_in_core_LCIA
REF,C,REF_C1C4_EOL_removed_y40,REF C1-C4 EOL of removed equipment at year 40,technosphere,ecoinvent_2025_SSP2-PkBudg1000,76a711d4d08644a4a09c52e4467041d8,market for scrap copper,6.2331603977581564e-06,557.0875,kilogram,"89,374,805.789 kWh_th lifetime delivered service",modeled_in_core_LCIA
REF,C,REF_C1C4_EOL_removed_y40,REF C1-C4 EOL of removed equipment at year 40,technosphere,ecoinvent_2025_SSP2-PkBudg1000,86284edad964432f95ea804bb36e6472,market for scrap steel,8.126295980059201e-05,7262.86125,kilogram,"89,374,805.789 kWh_th lifetime delivered service",modeled_in_core_LCIA
REF,C,REF_C1C4_EOL_removed_y40,REF C1-C4 EOL of removed equipment at year 40,technosphere,ecoinvent_2025_SSP2-PkBudg1000,399a42cfaf454b9bbe7a2d62de419024,"treatment of used refrigerant R134a, reclamation",3.687840181481524e-06,329.6,kilogram,"89,374,805.789 kWh_th lifetime delivered service",modeled_in_core_LCIA
