species,year,annual,cumulative,case
Biogenic CO2,2026,3.906836088247338e-10,3.906836088247338e-10,GEN
Biogenic CO2,2027,3.7330558637084735e-10,7.639891951955812e-10,GEN
Biogenic CO2,2028,7.087495621446958e-10,1.472738757340277e-09,GEN
Biogenic CO2,2029,1.7008136171549082e-11,1.489746893511826e-09,GEN
Biogenic CO2,2030,3.345974436965379e-10,1.8243443372083639e-09,GEN
Biogenic CO2,2031,3.285796942379715e-10,2.1529240314463352e-09,GEN
Biogenic CO2,2032,6.490809553249756e-10,2.8020049867713107e-09,GEN
Biogenic CO2,2033,2.943768140632588e-11,2.8314426681776367e-09,GEN
Biogenic CO2,2034,3.1150197713463777e-10,3.1429446453122746e-09,GEN
Biogenic CO2,2035,3.0976199635595925e-10,3.452706641668234e-09,GEN
Biogenic CO2,2036,6.24368770731513e-10,4.077075412399747e-09,GEN
Biogenic CO2,2037,3.8788979572199146e-11,4.115864391971946e-09,GEN
Biogenic CO2,2038,3.0077649358624004e-10,4.416640885558186e-09,GEN
Biogenic CO2,2039,3.0051568481795556e-10,4.7171565703761415e-09,GEN
Biogenic CO2,2040,6.127048110429152e-10,5.329861381419057e-09,GEN
Biogenic CO2,2041,4.6635912442901056e-11,5.376497293861958e-09,GEN
Biogenic CO2,2042,2.9517615443830424e-10,5.6716734483002625e-09,GEN
Biogenic CO2,2043,2.952960946165748e-10,5.966969542916837e-09,GEN
Biogenic CO2,2044,6.033332554090573e-10,6.570302798325894e-09,GEN
Biogenic CO2,2045,5.15200578896559e-11,6.62182285621555e-09,GEN
Biogenic CO2,2046,2.8985476139569264e-10,6.911677617611243e-09,GEN
Biogenic CO2,2047,2.9004122097996017e-10,7.201718838591203e-09,GEN
Biogenic CO2,2048,5.945772280248753e-10,7.796296066616078e-09,GEN
Biogenic CO2,2049,5.504308611644486e-11,7.851339152732523e-09,GEN
Biogenic CO2,2050,2.849617859560544e-10,8.136300938688578e-09,GEN
Biogenic CO2,2051,2.8932809755883816e-10,8.425629036247415e-09,GEN
Biogenic CO2,2052,5.935788748388042e-10,9.01920791108622e-09,GEN
Biogenic CO2,2053,6.118306504039926e-11,9.08039097612662e-09,GEN
Biogenic CO2,2054,2.8029729706006814e-10,9.360688273186687e-09,GEN
Biogenic CO2,2055,2.8389388294007535e-10,9.644582156126763e-09,GEN
Biogenic CO2,2056,5.853340902414162e-10,1.022991624636818e-08,GEN
Biogenic CO2,2057,6.337399097898026e-11,1.029329023734716e-08,GEN
Biogenic CO2,2058,2.765887354282439e-10,1.0569878972775402e-08,GEN
Biogenic CO2,2059,2.7943329074833227e-10,1.0849312263523736e-08,GEN
Biogenic CO2,2060,5.776683773606669e-10,1.1426980640884402e-08,GEN
Biogenic CO2,2061,2.777617661858957e-10,1.1704742407070298e-08,GEN
Biogenic CO2,2062,6.409782305539169e-11,1.176884023012569e-08,GEN
Biogenic CO2,2063,2.757773409277175e-10,1.2044617571053407e-08,GEN
Biogenic CO2,2064,5.682689997404756e-10,1.2612886570793883e-08,GEN
Biogenic CO2,2065,2.7786813646137757e-10,1.289075470725526e-08,GEN
Biogenic CO2,2066,6.620401680594132e-11,1.2956958724061202e-08,GEN
Biogenic CO2,2067,2.727647041743021e-10,1.3229723428235504e-08,GEN
Biogenic CO2,2068,5.606121252858362e-10,1.379033555352134e-08,GEN
Biogenic CO2,2069,2.780213310846571e-10,1.4068356884605997e-08,GEN
Biogenic CO2,2070,6.8351866968223e-11,1.4136708751574219e-08,GEN
Biogenic CO2,2071,2.7090642869317795e-10,1.4407615180267399e-08,GEN
Biogenic CO2,2072,5.556031594686227e-10,1.496321833973602e-08,GEN
Biogenic CO2,2073,2.78683834973975e-10,1.5241902174709995e-08,GEN
Biogenic CO2,2074,7.051822875518368e-11,1.531242040346518e-08,GEN
Biogenic CO2,2075,2.6871307487663624e-10,1.5581133478341814e-08,GEN
Biogenic CO2,2076,5.477631837186567e-10,1.612889666206047e-08,GEN
Biogenic CO2,2077,2.764647714288171e-10,1.640536143348929e-08,GEN
Biogenic CO2,2078,6.870077369962015e-11,1.647406220718891e-08,GEN
Biogenic CO2,2079,2.6160207578030227e-10,1.673566428296921e-08,GEN
Biogenic CO2,2080,5.319049081940953e-10,1.7267569191163307e-08,GEN
Biogenic CO2,2081,2.7160906897992485e-10,1.7539178260143233e-08,GEN
Biogenic CO2,2082,6.62989750478797e-11,1.7605477235191113e-08,GEN
Biogenic CO2,2083,2.557328225592305e-10,1.7861210057750343e-08,GEN
Biogenic CO2,2084,5.18811464736407e-10,1.8380021522486748e-08,GEN
Biogenic CO2,2085,2.673477864126747e-10,1.8647369308899423e-08,GEN
Biogenic CO2,2086,6.668042639888365e-11,1.8714049735298307e-08,GEN
Biogenic CO2,2087,2.4832974913523073e-10,1.8962379484433538e-08,GEN
Biogenic CO2,2088,5.07456851195506e-10,1.9469836335629045e-08,GEN
Biogenic CO2,2089,2.6347550429857125e-10,1.9733311839927617e-08,GEN
Biogenic CO2,2090,6.50096726108111e-11,1.9798321512538428e-08,GEN
Biogenic CO2,2091,2.441525241216312e-10,2.0042474036660056e-08,GEN
Biogenic CO2,2092,4.969730539988184e-10,2.0539447090658876e-08,GEN
Biogenic CO2,2093,2.5996441179051107e-10,2.0799411502449388e-08,GEN
Biogenic CO2,2094,2.4442932057543406e-10,2.1043840823024822e-08,GEN
Biogenic CO2,2095,6.223716686023236e-11,2.1106077989885052e-08,GEN
Biogenic CO2,2096,4.846524534546153e-10,2.159073044333967e-08,GEN
Biogenic CO2,2097,2.568193737605483e-10,2.1847549817100216e-08,GEN
Biogenic CO2,2098,2.433568333202087e-10,2.2090906650420426e-08,GEN
Biogenic CO2,2099,6.089098501852252e-11,2.215179763543895e-08,GEN
Biogenic CO2,2100,2.3852173798147997e-10,2.2390319373420427e-08,GEN
Biogenic CO2,2101,2.4023524567691545e-10,2.2630554619097343e-08,GEN
Biogenic CO2,2102,2.508699001153411e-10,2.2881424519212685e-08,GEN
Biogenic CO2,2103,2.552312553987699e-10,2.3136655774611455e-08,GEN
Biogenic CO2,2104,2.7941405837362003e-10,2.3416069832985076e-08,GEN
Biogenic CO2,2105,2.3565177791251395e-10,2.3651721610897588e-08,GEN
Biogenic CO2,2106,2.4516060363490747e-10,2.3896882214532496e-08,GEN
Biogenic CO2,2107,2.516462593495867e-10,2.4148528473882083e-08,GEN
Biogenic CO2,2108,2.784085164340887e-10,2.442693699031617e-08,GEN
Biogenic CO2,2109,2.3181035588574063e-10,2.465874734620191e-08,GEN
Biogenic CO2,2110,2.396702104670311e-10,2.4898417556668944e-08,GEN
Biogenic CO2,2111,2.4833343390080824e-10,2.514675099056975e-08,GEN
Biogenic CO2,2112,2.7626749673323204e-10,2.5423018487302982e-08,GEN
Biogenic CO2,2113,2.2883185000196607e-10,2.565185033730495e-08,GEN
Biogenic CO2,2114,2.3522568038888006e-10,2.588707601769383e-08,GEN
Biogenic CO2,2115,2.452647714624515e-10,2.6132340789156282e-08,GEN
Biogenic CO2,2116,2.7409720668940677e-10,2.640643799584569e-08,GEN
Biogenic CO2,2117,2.2608394352347387e-10,2.663252193936916e-08,GEN
Biogenic CO2,2118,2.3127443428603007e-10,2.686379637365519e-08,GEN
Biogenic CO2,2119,2.4241564498821393e-10,2.7106212018643406e-08,GEN
Biogenic CO2,2120,2.719424116560591e-10,2.7378154430299465e-08,GEN
Biogenic CO2,2121,2.2354904947201783e-10,2.760170347977148e-08,GEN
Biogenic CO2,2122,2.277196679248238e-10,2.7829423147696308e-08,GEN
Biogenic CO2,2123,2.397641629972686e-10,2.8069187310693576e-08,GEN
Biogenic CO2,2124,2.3912983584306777e-10,2.8308317146536643e-08,GEN
CO2 in air,2026,3.7248438506679735e-10,3.7248438506679735e-10,GEN
CO2 in air,2027,3.5968072488580215e-10,7.321651099525996e-10,GEN
CO2 in air,2028,6.926898012902807e-10,1.4248549112428803e-09,GEN
CO2 in air,2029,2.559151896744972e-11,1.45044643021033e-09,GEN
CO2 in air,2030,3.278958845570589e-10,1.778342314767389e-09,GEN
CO2 in air,2031,3.2468123654938454e-10,2.1030235513167734e-09,GEN
CO2 in air,2032,6.503041471337009e-10,2.753327698450474e-09,GEN
CO2 in air,2033,4.27657140348025e-11,2.7960934124852767e-09,GEN
CO2 in air,2034,3.1064720923619526e-10,3.106740621721472e-09,GEN
CO2 in air,2035,3.1060913799405095e-10,3.4173497597155232e-09,GEN
CO2 in air,2036,6.333804469876606e-10,4.050730206703183e-09,GEN
CO2 in air,2037,5.3999819984776265e-11,4.10473002668796e-09,GEN
CO2 in air,2038,3.021681025953903e-10,4.40689812928335e-09,GEN
CO2 in air,2039,3.027851440100258e-10,4.709683273293376e-09,GEN
CO2 in air,2040,6.227252686788199e-10,5.332408541972195e-09,GEN
CO2 in air,2041,6.138666378931289e-11,5.3937952057615084e-09,GEN
CO2 in air,2042,2.9640426011149607e-10,5.690199465873004e-09,GEN
CO2 in air,2043,2.9717450139627064e-10,5.987373967269276e-09,GEN
CO2 in air,2044,6.123519843568617e-10,6.599725951626137e-09,GEN
CO2 in air,2045,6.554534942069477e-11,6.665271301046832e-09,GEN
CO2 in air,2046,2.90961966174748e-10,6.95623326722158e-09,GEN
CO2 in air,2047,2.9184995058000815e-10,7.248083217801588e-09,GEN
CO2 in air,2048,6.03658676998745e-10,7.851741894800333e-09,GEN
CO2 in air,2049,6.886581097806858e-11,7.920607705778402e-09,GEN
CO2 in air,2050,2.864625507299199e-10,8.207070256508322e-09,GEN
CO2 in air,2051,2.939071489919592e-10,8.50097740550028e-09,GEN
CO2 in air,2052,6.081721443450581e-10,9.109149549845338e-09,GEN
CO2 in air,2053,7.727051649606556e-11,9.186420066341404e-09,GEN
CO2 in air,2054,2.8264070294803684e-10,9.46906076928944e-09,GEN
CO2 in air,2055,2.8897323906399576e-10,9.758034008353437e-09,GEN
CO2 in air,2056,6.021672560418183e-10,1.0360201264395256e-08,GEN
CO2 in air,2057,8.021596351824995e-11,1.0440417227913504e-08,GEN
CO2 in air,2058,2.8028687722654057e-10,1.0720704105140046e-08,GEN
CO2 in air,2059,2.8535387294649936e-10,1.1006057978086544e-08,GEN
CO2 in air,2060,5.96308833863872e-10,1.1602366811950417e-08,GEN
CO2 in air,2061,2.8521763087845667e-10,1.1887584442828875e-08,GEN
CO2 in air,2062,8.053132897661615e-11,1.196811577180549e-08,GEN
CO2 in air,2063,2.824148012059171e-10,1.2250530573011407e-08,GEN
CO2 in air,2064,5.870041672970024e-10,1.283753474030841e-08,GEN
CO2 in air,2065,2.8760404720942557e-10,1.3125138787517834e-08,GEN
CO2 in air,2066,8.313257896814876e-11,1.3208271366485984e-08,GEN
CO2 in air,2067,2.8010886731549116e-10,1.3488380233801475e-08,GEN
CO2 in air,2068,5.800032968984349e-10,1.406838353069991e-08,GEN
CO2 in air,2069,2.894672789171781e-10,1.4357850809617087e-08,GEN
CO2 in air,2070,8.577126225028364e-11,1.4443622071867371e-08,GEN
CO2 in air,2071,2.7926650408863903e-10,1.472288857595601e-08,GEN
CO2 in air,2072,5.767686584591779e-10,1.5299657234415188e-08,GEN
CO2 in air,2073,2.915514400892315e-10,1.559120867450442e-08,GEN
CO2 in air,2074,8.842748750483279e-11,1.5679636162009254e-08,GEN
CO2 in air,2075,2.7769151090873473e-10,1.5957327672917986e-08,GEN
CO2 in air,2076,5.69698091901043e-10,1.652702576481903e-08,GEN
CO2 in air,2077,2.8941249534786934e-10,1.6816438260166898e-08,GEN
CO2 in air,2078,8.615021848768924e-11,1.690258847865459e-08,GEN
CO2 in air,2079,2.6996140922168523e-10,1.7172549887876273e-08,GEN
CO2 in air,2080,5.524869642961775e-10,1.7725036852172452e-08,GEN
CO2 in air,2081,2.8403832969576275e-10,1.8009075181868214e-08,GEN
CO2 in air,2082,8.320375233463525e-11,1.8092278934202848e-08,GEN
CO2 in air,2083,2.6371247678075776e-10,1.8355991410983608e-08,GEN
CO2 in air,2084,5.384108354451173e-10,1.8894402246428724e-08,GEN
CO2 in air,2085,2.7949625151638937e-10,1.9173898497945114e-08,GEN
CO2 in air,2086,8.439285312996145e-11,1.9258291351075076e-08,GEN
CO2 in air,2087,2.547932033133296e-10,1.9513084554388405e-08,GEN
CO2 in air,2088,5.26183248571082e-10,2.0039267802959488e-08,GEN
CO2 in air,2089,2.755025082276881e-10,2.0314770311187176e-08,GEN
CO2 in air,2090,8.23288163590967e-11,2.0397099127546273e-08,GEN
CO2 in air,2091,2.5059270823646917e-10,2.064769183578274e-08,GEN
CO2 in air,2092,5.146793294396721e-10,2.1162371165222412e-08,GEN
CO2 in air,2093,2.719530422215191e-10,2.1434324207443933e-08,GEN
CO2 in air,2094,2.5295476428608985e-10,2.168727897173002e-08,GEN
CO2 in air,2095,7.850856211968208e-11,2.1765787533849704e-08,GEN
CO2 in air,2096,4.999950223331673e-10,2.2265782556182872e-08,GEN
CO2 in air,2097,2.687961235257003e-10,2.253457867970857e-08,GEN
CO2 in air,2098,2.529313249010193e-10,2.278751000460959e-08,GEN
CO2 in air,2099,7.67369538541659e-11,2.2864246958463756e-08,GEN
CO2 in air,2100,2.458905887092986e-10,2.3110137547173057e-08,GEN
CO2 in air,2101,2.486588356318727e-10,2.335879638280493e-08,GEN
CO2 in air,2102,2.6113556295496813e-10,2.3619931945759895e-08,GEN
CO2 in air,2103,2.67713232313489e-10,2.3887645178073385e-08,GEN
CO2 in air,2104,2.9906984244971425e-10,2.41867150205231e-08,GEN
CO2 in air,2105,2.4349390132770776e-10,2.4430208921850806e-08,GEN
CO2 in air,2106,2.547191723288045e-10,2.468492809417961e-08,GEN
CO2 in air,2107,2.6387347570350327e-10,2.4948801569883115e-08,GEN
CO2 in air,2108,2.98120066706397e-10,2.5246921636589513e-08,GEN
CO2 in air,2109,2.3913207570473143e-10,2.5486053712294243e-08,GEN
CO2 in air,2110,2.489630045994172e-10,2.573501671689366e-08,GEN
CO2 in air,2111,2.6032790887447423e-10,2.5995344625768135e-08,GEN
CO2 in air,2112,2.9567787967125353e-10,2.629102250543939e-08,GEN
CO2 in air,2113,2.3600540731740635e-10,2.6527027912756796e-08,GEN
CO2 in air,2114,2.4429964104813076e-10,2.6771327553804925e-08,GEN
CO2 in air,2115,2.5704608238767614e-10,2.7028373636192602e-08,GEN
CO2 in air,2116,2.9327799556714776e-10,2.732165163175975e-08,GEN
CO2 in air,2117,2.3314064426959695e-10,2.7554792276029347e-08,GEN
CO2 in air,2118,2.4008222278679105e-10,2.779487449881614e-08,GEN
CO2 in air,2119,2.540013050276163e-10,2.8048875803843755e-08,GEN
CO2 in air,2120,2.9099655500774736e-10,2.83398723588515e-08,GEN
CO2 in air,2121,2.3049792446835547e-10,2.8570370283319858e-08,GEN
CO2 in air,2122,2.3619907125473503e-10,2.8806569354574592e-08,GEN
CO2 in air,2123,2.5116988403776496e-10,2.9057739238612358e-08,GEN
CO2 in air,2124,2.504928361520647e-10,2.930823207476442e-08,GEN
Fossil CH4,2026,1.7704002745591879e-09,1.7704002745591879e-09,GEN
Fossil CH4,2027,1.8714695498462166e-09,3.6418698244054043e-09,GEN
Fossil CH4,2028,3.951023211919572e-09,7.592893036324978e-09,GEN
Fossil CH4,2029,5.78568604225454e-10,8.171461640550431e-09,GEN
Fossil CH4,2030,1.8148899018481427e-09,9.986351542398574e-09,GEN
Fossil CH4,2031,1.8592597449695766e-09,1.184561128736815e-08,GEN
Fossil CH4,2032,3.914316261564791e-09,1.575992754893294e-08,GEN
Fossil CH4,2033,8.266847154758697e-10,1.6586612264408812e-08,GEN
Fossil CH4,2034,1.677272774061155e-09,1.8263885038469967e-08,GEN
Fossil CH4,2035,1.676392911697267e-09,1.9940277950167233e-08,GEN
Fossil CH4,2036,3.480942766748634e-09,2.3421220716915868e-08,GEN
Fossil CH4,2037,8.39389958727232e-10,2.42606106756431e-08,GEN
Fossil CH4,2038,1.4098677852063315e-09,2.5670478460849432e-08,GEN
Fossil CH4,2039,1.3718991559392006e-09,2.7042377616788633e-08,GEN
Fossil CH4,2040,2.768384108903988e-09,2.981076172569262e-08,GEN
Fossil CH4,2041,6.876625083694172e-10,3.049842423406204e-08,GEN
Fossil CH4,2042,1.0672704878145095e-09,3.1565694721876545e-08,GEN
Fossil CH4,2043,1.0249556633920622e-09,3.2590650385268606e-08,GEN
Fossil CH4,2044,2.060902365271431e-09,3.465155275054004e-08,GEN
Fossil CH4,2045,5.220911326850116e-10,3.5173643883225054e-08,GEN
Fossil CH4,2046,7.882231743389384e-10,3.596186705756399e-08,GEN
Fossil CH4,2047,7.548282000520412e-10,3.671669525761603e-08,GEN
Fossil CH4,2048,1.5179411572553935e-09,3.8234636414871425e-08,GEN
Fossil CH4,2049,3.907587054926547e-10,3.862539512036408e-08,GEN
Fossil CH4,2050,5.791451945377321e-10,3.920454031490181e-08,GEN
Fossil CH4,2051,5.70052315277067e-10,3.977459263017888e-08,GEN
Fossil CH4,2052,1.144479054120489e-09,4.0919071684299366e-08,GEN
Fossil CH4,2053,3.0426678041218524e-10,4.122333846471155e-08,GEN
Fossil CH4,2054,4.262193029456418e-10,4.164955776765719e-08,GEN
Fossil CH4,2055,4.198563329388248e-10,4.206941410059602e-08,GEN
Fossil CH4,2056,8.52148439345691e-10,4.292156253994171e-08,GEN
Fossil CH4,2057,2.3165275999268774e-10,4.3153215299934395e-08,GEN
Fossil CH4,2058,3.1866953373772016e-10,4.347188483367212e-08,GEN
Fossil CH4,2059,3.12321128312406e-10,4.378420596198452e-08,GEN
Fossil CH4,2060,6.37965983973029e-10,4.442217194595755e-08,GEN
Fossil CH4,2061,2.6123790909265164e-10,4.4683409855050205e-08,GEN
Fossil CH4,2062,1.6767718819391186e-10,4.4851087043244116e-08,GEN
Fossil CH4,2063,2.349457895703271e-10,4.508603283281444e-08,GEN
Fossil CH4,2064,4.745298500223877e-10,4.5560562682836834e-08,GEN
Fossil CH4,2065,2.0783911395656955e-10,4.57684017967934e-08,GEN
Fossil CH4,2066,1.3152270156719336e-10,4.589992449836059e-08,GEN
Fossil CH4,2067,1.798048132098009e-10,4.607972931157039e-08,GEN
Fossil CH4,2068,3.6114528947327175e-10,4.6440874601043666e-08,GEN
Fossil CH4,2069,1.6674144579078408e-10,4.660761604683445e-08,GEN
Fossil CH4,2070,1.0575135666150815e-10,4.671336740349596e-08,GEN
Fossil CH4,2071,1.4332809772595872e-10,4.685669550122192e-08,GEN
Fossil CH4,2072,2.8837741704173327e-10,4.714507291826365e-08,GEN
Fossil CH4,2073,1.3657668882277118e-10,4.7281649607086423e-08,GEN
Fossil CH4,2074,8.738941451006369e-11,4.736903902159648e-08,GEN
Fossil CH4,2075,1.1453918048639983e-10,4.7483578202082885e-08,GEN
Fossil CH4,2076,1.9908965408022587e-10,4.768266785616311e-08,GEN
Fossil CH4,2077,9.254107506640972e-11,4.777520893122952e-08,GEN
Fossil CH4,2078,5.357615083022251e-11,4.782878508205974e-08,GEN
Fossil CH4,2079,8.151438054338559e-11,4.791029946260313e-08,GEN
Fossil CH4,2080,1.4124592134618475e-10,4.805154538394931e-08,GEN
Fossil CH4,2081,6.63510596005655e-11,4.811789644354988e-08,GEN
Fossil CH4,2082,3.8140562598076713e-11,4.815603700614796e-08,GEN
Fossil CH4,2083,5.8046398311516345e-11,4.821408340445947e-08,GEN
Fossil CH4,2084,1.0028519849399927e-10,4.831436860295347e-08,GEN
Fossil CH4,2085,4.7562210775622294e-11,4.836193081372909e-08,GEN
Fossil CH4,2086,2.790118349979887e-11,4.838983199722889e-08,GEN
Fossil CH4,2087,4.059457040594321e-11,4.8430426567634836e-08,GEN
Fossil CH4,2088,7.120213994540899e-11,4.850162870758024e-08,GEN
Fossil CH4,2089,3.412877454557627e-11,4.8535757482125824e-08,GEN
Fossil CH4,2090,1.9874662902494158e-11,4.8555632145028316e-08,GEN
Fossil CH4,2091,2.9051641351138913e-11,4.8584683786379455e-08,GEN
Fossil CH4,2092,5.0366720529234754e-11,4.863505050690869e-08,GEN
Fossil CH4,2093,2.4547969604028405e-11,4.8659598476512716e-08,GEN
Fossil CH4,2094,1.9272141736347645e-11,4.8678870618249064e-08,GEN
Fossil CH4,2095,1.6294727443724823e-11,4.869516534569279e-08,GEN
Fossil CH4,2096,3.494746277511141e-11,4.8730112808467904e-08,GEN
Fossil CH4,2097,1.772169853650331e-11,4.87478345070044e-08,GEN
Fossil CH4,2098,1.4298455060173868e-11,4.876213296206458e-08,GEN
Fossil CH4,2099,1.1563708818983023e-11,4.8773696670883565e-08,GEN
Fossil CH4,2100,1.2473999392100331e-11,4.878617067027566e-08,GEN
Fossil CH4,2101,1.2538192183482338e-11,4.879870886245914e-08,GEN
Fossil CH4,2102,1.2773950358630974e-11,4.8811482812817774e-08,GEN
Fossil CH4,2103,1.2530439034153736e-11,4.882401325185193e-08,GEN
Fossil CH4,2104,1.4290438475609812e-11,4.883830369032754e-08,GEN
Fossil CH4,2105,8.655793422765641e-12,4.884695948375031e-08,GEN
Fossil CH4,2106,8.860376740103863e-12,4.885581986049041e-08,GEN
Fossil CH4,2107,8.927869209746766e-12,4.886474772970015e-08,GEN
Fossil CH4,2108,1.0514271042977204e-11,4.887526200074313e-08,GEN
Fossil CH4,2109,5.899321261567288e-12,4.88811613220047e-08,GEN
Fossil CH4,2110,6.248442214444544e-12,4.8887409764219146e-08,GEN
Fossil CH4,2111,6.361057933339519e-12,4.8893770822152486e-08,GEN
Fossil CH4,2112,7.528236954800176e-12,4.8901299059107284e-08,GEN
Fossil CH4,2113,4.19748887622671e-12,4.890549654798351e-08,GEN
Fossil CH4,2114,4.420849692855472e-12,4.8909917397676366e-08,GEN
Fossil CH4,2115,4.532218951763327e-12,4.891444961662813e-08,GEN
Fossil CH4,2116,5.3852900124218896e-12,4.891983490664055e-08,GEN
Fossil CH4,2117,2.9887260672841082e-12,4.892282363270784e-08,GEN
Fossil CH4,2118,3.1303305812298417e-12,4.8925953963289065e-08,GEN
Fossil CH4,2119,3.229181189981651e-12,4.892918314447905e-08,GEN
Fossil CH4,2120,3.852275206988678e-12,4.893303541968604e-08,GEN
Fossil CH4,2121,2.12915944830303e-12,4.893516457913434e-08,GEN
Fossil CH4,2122,2.215349356226532e-12,4.8937379928490566e-08,GEN
Fossil CH4,2123,2.3007739186270584e-12,4.893968070240919e-08,GEN
Fossil CH4,2124,2.1138264530886997e-12,4.894179452886228e-08,GEN
Fossil CO2,2026,4.752927850290924e-09,4.752927850290924e-09,GEN
Fossil CO2,2027,4.8656193633214565e-09,9.618547213612382e-09,GEN
Fossil CO2,2028,1.0076670293169022e-08,1.9695217506781402e-08,GEN
Fossil CO2,2029,1.0102196300036343e-09,2.0705437136785037e-08,GEN
Fossil CO2,2030,4.8276905219355635e-09,2.55331276587206e-08,GEN
Fossil CO2,2031,4.967649987008737e-09,3.0500777645729335e-08,GEN
Fossil CO2,2032,1.05611337442236e-08,4.1061911389952934e-08,GEN
Fossil CO2,2033,1.601635995201473e-09,4.266354738515441e-08,GEN
Fossil CO2,2034,4.935703032383729e-09,4.759925041753814e-08,GEN
Fossil CO2,2035,5.0464627497645484e-09,5.264571316730269e-08,GEN
Fossil CO2,2036,1.0763499890410304e-08,6.340921305771299e-08,GEN
Fossil CO2,2037,1.884479662266285e-09,6.529369271997927e-08,GEN
Fossil CO2,2038,4.921622783248104e-09,7.021531550322738e-08,GEN
Fossil CO2,2039,4.9819783283867286e-09,7.519729383161411e-08,GEN
Fossil CO2,2040,1.0551930483231329e-08,8.574922431484543e-08,GEN
Fossil CO2,2041,1.9167314938891444e-09,8.766595580873459e-08,GEN
Fossil CO2,2042,4.75829025916242e-09,9.2424246067897e-08,GEN
Fossil CO2,2043,4.800683643091221e-09,9.722492971098823e-08,GEN
Fossil CO2,2044,1.0180891184105374e-08,1.074058208950936e-07,GEN
Fossil CO2,2045,1.875010045008957e-09,1.0928083094010255e-07,GEN
Fossil CO2,2046,4.597238816164081e-09,1.1387806975626664e-07,GEN
Fossil CO2,2047,4.638045390429425e-09,1.1851611514669606e-07,GEN
Fossil CO2,2048,9.85386878740282e-09,1.2836998393409888e-07,GEN
Fossil CO2,2049,1.829923389983732e-09,1.301999073240826e-07,GEN
Fossil CO2,2050,4.4583340611891645e-09,1.3465824138527179e-07,GEN
Fossil CO2,2051,4.5348692165435405e-09,1.3919311060181532e-07,GEN
Fossil CO2,2052,9.6380677468717e-09,1.4883117834868702e-07,GEN
Fossil CO2,2053,1.8195818795580491e-09,1.5065076022824506e-07,GEN
Fossil CO2,2054,4.338016429185875e-09,1.5498877665743094e-07,GEN
Fossil CO2,2055,4.40962186394776e-09,1.593983985213787e-07,GEN
Fossil CO2,2056,9.401812219930436e-09,1.6880021074130912e-07,GEN
Fossil CO2,2057,1.7891617905192303e-09,1.7058937253182837e-07,GEN
Fossil CO2,2058,4.239935380412342e-09,1.748293079122407e-07,GEN
Fossil CO2,2059,4.3042576248913315e-09,1.7913356553713205e-07,GEN
Fossil CO2,2060,9.18940031197139e-09,1.8832296584910343e-07,GEN
Fossil CO2,2061,4.346268474884473e-09,1.926692343239879e-07,GEN
Fossil CO2,2062,1.783661019536606e-09,1.944528953435245e-07,GEN
Fossil CO2,2063,4.199804357632827e-09,1.9865269970115735e-07,GEN
Fossil CO2,2064,8.800366918595919e-09,2.0745306661975325e-07,GEN
Fossil CO2,2065,4.438607779847592e-09,2.1189167439960085e-07,GEN
Fossil CO2,2066,1.74841467048285e-09,2.136400890700837e-07,GEN
Fossil CO2,2067,4.106491750288666e-09,2.1774658082037236e-07,GEN
Fossil CO2,2068,8.494341179597679e-09,2.2624092199997004e-07,GEN
Fossil CO2,2069,4.481125786850732e-09,2.3072204778682077e-07,GEN
Fossil CO2,2070,1.7171134608372155e-09,2.32439161247658e-07,GEN
Fossil CO2,2071,4.029082995990588e-09,2.3646824424364859e-07,GEN
Fossil CO2,2072,8.277610031072771e-09,2.4474585427472133e-07,GEN
Fossil CO2,2073,4.47938266169147e-09,2.492252369364128e-07,GEN
Fossil CO2,2074,1.689259888629326e-09,2.5091449682504214e-07,GEN
Fossil CO2,2075,3.95216290650325e-09,2.548666597315454e-07,GEN
Fossil CO2,2076,7.693674741333203e-09,2.6256033447287857e-07,GEN
Fossil CO2,2077,4.231813873007622e-09,2.667921483458862e-07,GEN
Fossil CO2,2078,1.4705629795919015e-09,2.682627113254781e-07,GEN
Fossil CO2,2079,3.857966315429414e-09,2.7212067764090753e-07,GEN
Fossil CO2,2080,7.563484973034374e-09,2.796841626139419e-07,GEN
Fossil CO2,2081,4.176994771743376e-09,2.838611573856853e-07,GEN
Fossil CO2,2082,1.452411905763164e-09,2.8531356929144845e-07,GEN
Fossil CO2,2083,3.777558756532305e-09,2.8909112804798073e-07,GEN
Fossil CO2,2084,7.428033899050522e-09,2.9651916194703126e-07,GEN
Fossil CO2,2085,4.115710691851247e-09,3.0063487263888255e-07,GEN
Fossil CO2,2086,1.4486276006000559e-09,3.020835002394826e-07,GEN
Fossil CO2,2087,3.686823707405399e-09,3.05770323946888e-07,GEN
Fossil CO2,2088,7.297331285818747e-09,3.1306765523270674e-07,GEN
Fossil CO2,2089,4.055293437849723e-09,3.1712294867055646e-07,GEN
Fossil CO2,2090,1.4249274803646122e-09,3.185478761509211e-07,GEN
Fossil CO2,2091,3.6261284799263516e-09,3.221740046308474e-07,GEN
Fossil CO2,2092,7.170514906704858e-09,3.2934451953755225e-07,GEN
Fossil CO2,2093,3.998527133245267e-09,3.3334304667079756e-07,GEN
Fossil CO2,2094,3.6026296622532604e-09,3.369456763330508e-07,GEN
Fossil CO2,2095,1.5541085377990027e-09,3.384997848708498e-07,GEN
Fossil CO2,2096,6.868395614945111e-09,3.4536818048579493e-07,GEN
Fossil CO2,2097,3.946130926028789e-09,3.493143114118237e-07,GEN
Fossil CO2,2098,3.702145599078647e-09,3.5301645701090235e-07,GEN
Fossil CO2,2099,1.5166878217654519e-09,3.545331448326678e-07,GEN
Fossil CO2,2100,3.4241777839209967e-09,3.579573226165888e-07,GEN
Fossil CO2,2101,3.477152337816295e-09,3.6143447495440507e-07,GEN
Fossil CO2,2102,3.635400470480603e-09,3.650698754248857e-07,GEN
Fossil CO2,2103,3.899367864251591e-09,3.689692432891373e-07,GEN
Fossil CO2,2104,4.690023451391728e-09,3.73659266740529e-07,GEN
Fossil CO2,2105,3.412330522590006e-09,3.7707159726311903e-07,GEN
Fossil CO2,2106,3.518425926697077e-09,3.805900231898161e-07,GEN
Fossil CO2,2107,3.8486252118075995e-09,3.844386484016237e-07,GEN
Fossil CO2,2108,4.669943318158221e-09,3.891085917197819e-07,GEN
Fossil CO2,2109,3.354999034449658e-09,3.9246359075423155e-07,GEN
Fossil CO2,2110,3.449254126638565e-09,3.9591284488087016e-07,GEN
Fossil CO2,2111,3.80156936609868e-09,3.997144142469688e-07,GEN
Fossil CO2,2112,4.628094965916866e-09,4.0434250921288567e-07,GEN
Fossil CO2,2113,3.313727183416504e-09,4.076562363963022e-07,GEN
Fossil CO2,2114,3.396312981681533e-09,4.1105254937798374e-07,GEN
Fossil CO2,2115,3.7578468026385254e-09,4.1481039618062226e-07,GEN
Fossil CO2,2116,4.584112156920364e-09,4.193945083375426e-07,GEN
Fossil CO2,2117,3.276612262027672e-09,4.226711205995703e-07,GEN
Fossil CO2,2118,3.350852298598849e-09,4.260219728981691e-07,GEN
Fossil CO2,2119,3.717132574219915e-09,4.297391054723891e-07,GEN
Fossil CO2,2120,4.541164851087445e-09,4.342802703234765e-07,GEN
Fossil CO2,2121,3.242563662237632e-09,4.3752283398571413e-07,GEN
Fossil CO2,2122,3.309863587562093e-09,4.4083269757327624e-07,GEN
Fossil CO2,2123,3.6791321434431533e-09,4.445118297167194e-07,GEN
Fossil CO2,2124,3.6700243569915918e-09,4.4818185407371096e-07,GEN
N2O,2026,9.904663349714167e-11,9.904663349714167e-11,GEN
N2O,2027,9.974582660153359e-11,1.9879246009867525e-10,GEN
N2O,2028,2.0117816297203308e-10,3.9997062307070835e-10,GEN
N2O,2029,4.437133385134087e-12,4.0440775645584246e-10,GEN
N2O,2030,9.964050379897084e-11,5.040482602548132e-10,GEN
N2O,2031,1.0003913305824239e-10,6.040873933130556e-10,GEN
N2O,2032,2.0213865567056088e-10,8.062260489836165e-10,GEN
N2O,2033,7.56886534574887e-12,8.137949143293654e-10,GEN
N2O,2034,9.906393699439572e-11,9.128588513237612e-10,GEN
N2O,2035,9.916929552144152e-11,1.0120281468452027e-09,GEN
N2O,2036,2.0037501330709876e-10,1.2124031601523014e-09,GEN
N2O,2037,9.44225846402224e-12,1.2218454186163236e-09,GEN
N2O,2038,9.735907983476884e-11,1.3192044984510925e-09,GEN
N2O,2039,9.717819819870338e-11,1.416382696649796e-09,GEN
N2O,2040,1.9609995266049371e-10,1.6124826493102896e-09,GEN
N2O,2041,1.0217547186488984e-11,1.6227001964967785e-09,GEN
N2O,2042,9.476062942506287e-11,1.7174608259218413e-09,GEN
N2O,2043,9.44575026426662e-11,1.8119183285645075e-09,GEN
N2O,2044,1.9043771962367464e-10,2.002356048188182e-09,GEN
N2O,2045,1.0410297741889148e-11,2.0127663459300716e-09,GEN
N2O,2046,9.185695489159144e-11,2.104623300821663e-09,GEN
N2O,2047,9.152548730682496e-11,2.196148788128488e-09,GEN
N2O,2048,1.8459404285698512e-10,2.380742830985473e-09,GEN
N2O,2049,1.0455201140372187e-11,2.391198032125845e-09,GEN
N2O,2050,8.894938463334025e-11,2.4801474167591854e-09,GEN
N2O,2051,8.944298140582415e-11,2.5695903981650096e-09,GEN
N2O,2052,1.8044070597940548e-10,2.750031104144415e-09,GEN
N2O,2053,1.1244937211079876e-11,2.761276041355495e-09,GEN
N2O,2054,8.609833158253665e-11,2.8473743729380315e-09,GEN
N2O,2055,8.657004963143238e-11,2.933944422569464e-09,GEN
N2O,2056,1.7494644262457262e-10,3.1088908651940363e-09,GEN
N2O,2057,1.127977234416028e-11,3.1201706375381967e-09,GEN
N2O,2058,8.343447036488249e-11,3.203605107903079e-09,GEN
N2O,2059,8.379032765892886e-11,3.287395435562008e-09,GEN
N2O,2060,1.6943543409357323e-10,3.4568308696555813e-09,GEN
N2O,2061,8.239821137532867e-11,3.5392290810309103e-09,GEN
N2O,2062,1.073194970568073e-11,3.549961030736591e-09,GEN
N2O,2063,8.104158611708629e-11,3.631002616853677e-09,GEN
N2O,2064,1.6303954056733938e-10,3.794042157421016e-09,GEN
N2O,2065,8.070973048604723e-11,3.874751887907064e-09,GEN
N2O,2066,1.0614615603481857e-11,3.885366503510545e-09,GEN
N2O,2067,7.839083924801579e-11,3.963757342758561e-09,GEN
N2O,2068,1.5715396355259218e-10,4.120911306311153e-09,GEN
N2O,2069,7.880327795431688e-11,4.19971458426547e-09,GEN
N2O,2070,1.0500461129302274e-11,4.210215045394773e-09,GEN
N2O,2071,7.593829259453672e-11,4.28615333798931e-09,GEN
N2O,2072,1.5196288715886922e-10,4.438116225148179e-09,GEN
N2O,2073,7.678556017292906e-11,4.514901785321108e-09,GEN
N2O,2074,1.0390419876593076e-11,4.525292205197701e-09,GEN
N2O,2075,7.347247609304066e-11,4.598764681290741e-09,GEN
N2O,2076,1.449850223226367e-10,4.743749703613378e-09,GEN
N2O,2077,7.345038295647518e-11,4.817200086569853e-09,GEN
N2O,2078,9.169117724345136e-12,4.826369204294198e-09,GEN
N2O,2079,7.081252443413046e-11,4.897181728728329e-09,GEN
N2O,2080,1.3962397078355755e-10,5.0368056995118865e-09,GEN
N2O,2081,7.091558250202377e-11,5.10772128201391e-09,GEN
N2O,2082,8.834107354780725e-12,5.116555389368691e-09,GEN
N2O,2083,6.825637480736194e-11,5.184811764176053e-09,GEN
N2O,2084,1.3449051844727726e-10,5.31930228262333e-09,GEN
N2O,2085,6.845360366000344e-11,5.387755886283334e-09,GEN
N2O,2086,9.108409846011472e-12,5.396864296129345e-09,GEN
N2O,2087,6.519845928587221e-11,5.462062755415217e-09,GEN
N2O,2088,1.2955717498379144e-10,5.5916199303990084e-09,GEN
N2O,2089,6.607194001801658e-11,5.6576918704170256e-09,GEN
N2O,2090,8.778959406918233e-12,5.666470829823944e-09,GEN
N2O,2091,6.292177328393031e-11,5.729392603107874e-09,GEN
N2O,2092,1.2473280779396884e-10,5.854125410901843e-09,GEN
N2O,2093,6.377358139485947e-11,5.917898992296702e-09,GEN
N2O,2094,6.1054595650416e-11,5.9789535879471184e-09,GEN
N2O,2095,8.91415889484322e-12,5.987867746841961e-09,GEN
N2O,2096,1.1930452994199379e-10,6.107172276783955e-09,GEN
N2O,2097,6.155803737974213e-11,6.1687303141636976e-09,GEN
N2O,2098,5.9551347148377e-11,6.2282816613120746e-09,GEN
N2O,2099,8.54185536089288e-12,6.2368235166729674e-09,GEN
N2O,2100,5.7834552975930486e-11,6.2946580696488975e-09,GEN
N2O,2101,5.770665879411828e-11,6.352364728443016e-09,GEN
N2O,2102,5.833298618211166e-11,6.410697714625127e-09,GEN
N2O,2103,5.905211784427345e-11,6.469749832469401e-09,GEN
N2O,2104,6.255108071406529e-11,6.532300913183467e-09,GEN
N2O,2105,5.549391088111146e-11,6.587794824064577e-09,GEN
N2O,2106,5.5895306838781336e-11,6.643690130903359e-09,GEN
N2O,2107,5.6924348076736225e-11,6.700614478980095e-09,GEN
N2O,2108,6.056053463644263e-11,6.761175013616538e-09,GEN
N2O,2109,5.3421694392494845e-11,6.814596708009033e-09,GEN
N2O,2110,5.369064120981117e-11,6.868287349218844e-09,GEN
N2O,2111,5.487324624845619e-11,6.9231605954673e-09,GEN
N2O,2112,5.847958360235623e-11,6.981640179069657e-09,GEN
N2O,2113,5.1487501655365855e-11,7.033127680725022e-09,GEN
N2O,2114,5.1664185167943925e-11,7.084791865892966e-09,GEN
N2O,2115,5.289604985522857e-11,7.137687915748195e-09,GEN
N2O,2116,5.644817767612627e-11,7.194136093424321e-09,GEN
N2O,2117,4.9628881459804856e-11,7.243764974884126e-09,GEN
N2O,2118,4.9730302795765216e-11,7.293495277679891e-09,GEN
N2O,2119,5.09900959315972e-11,7.344485373611488e-09,GEN
N2O,2120,5.4478782352950455e-11,7.398964155964439e-09,GEN
N2O,2121,4.783972273125977e-11,7.446803878695699e-09,GEN
N2O,2122,4.7874795804797015e-11,7.494678674500495e-09,GEN
N2O,2123,4.9152817464241073e-11,7.543831491964737e-09,GEN
N2O,2124,4.870393642055639e-11,7.592535428385293e-09,GEN
Biogenic CO2,2026,1.583265689897076e-11,1.583265689897076e-11,REF
Biogenic CO2,2027,2.918420945167746e-11,4.501686635064822e-11,REF
Biogenic CO2,2028,9.429771101279716e-11,1.3931457736344538e-10,REF
Biogenic CO2,2029,3.728991162983547e-11,1.7660448899328085e-10,REF
Biogenic CO2,2030,4.9987595621518446e-11,2.265920846147993e-10,REF
Biogenic CO2,2031,6.08364038056785e-11,2.874284884204778e-10,REF
Biogenic CO2,2032,1.6196891264151822e-10,4.49397401061996e-10,REF
Biogenic CO2,2033,6.522346800601238e-11,5.146208690680083e-10,REF
Biogenic CO2,2034,7.5935453431421e-11,5.905563224994294e-10,REF
Biogenic CO2,2035,8.509184135548485e-11,6.756481638549143e-10,REF
Biogenic CO2,2036,2.1429061443523372e-10,8.89938778290148e-10,REF
Biogenic CO2,2037,8.69920581099735e-11,9.769308364001214e-10,REF
Biogenic CO2,2038,9.620145692506635e-11,1.0731322933251878e-09,REF
Biogenic CO2,2039,1.040132721647712e-10,1.177145565489959e-09,REF
Biogenic CO2,2040,2.550131731465906e-10,1.4321587386365496e-09,REF
Biogenic CO2,2041,1.0398622714590757e-10,1.5361449657824572e-09,REF
Biogenic CO2,2042,1.1199125004865771e-10,1.648136215831115e-09,REF
Biogenic CO2,2043,1.1877163223237034e-10,1.7669078480634852e-09,REF
Biogenic CO2,2044,2.8709340272464214e-10,2.0540012507881275e-09,REF
Biogenic CO2,2045,1.1750830670851554e-10,2.171509557496643e-09,REF
Biogenic CO2,2046,1.2758898771933036e-10,2.2990985452159732e-09,REF
Biogenic CO2,2047,1.3339121534701915e-10,2.4324897605629923e-09,REF
Biogenic CO2,2048,3.182187561560679e-10,2.7507085167190604e-09,REF
Biogenic CO2,2049,1.285541751427333e-10,2.8792626918617938e-09,REF
Biogenic CO2,2050,1.3744211667454868e-10,3.0167048085363422e-09,REF
Biogenic CO2,2051,1.4275859778290263e-10,3.159463406319245e-09,REF
Biogenic CO2,2052,3.393786408180042e-10,3.498842047137249e-09,REF
Biogenic CO2,2053,1.37950144983382e-10,3.636792192120631e-09,REF
Biogenic CO2,2054,1.4619374126570613e-10,3.7829859333863375e-09,REF
Biogenic CO2,2055,1.5122271955141071e-10,3.934208652937748e-09,REF
Biogenic CO2,2056,3.5867292000828927e-10,4.292881572946037e-09,REF
Biogenic CO2,2057,1.4647148960282823e-10,4.439353062548865e-09,REF
Biogenic CO2,2058,1.5440341842770056e-10,4.593756480976566e-09,REF
Biogenic CO2,2059,1.5942527271604135e-10,4.7531817536926075e-09,REF
Biogenic CO2,2060,3.7802764738658015e-10,5.131209401079187e-09,REF
Biogenic CO2,2061,1.636466359580916e-10,5.294856037037279e-09,REF
Biogenic CO2,2062,1.6197415799844438e-10,5.456830195035724e-09,REF
Biogenic CO2,2063,1.6757588060910988e-10,5.624406075644833e-09,REF
Biogenic CO2,2064,3.89968436948582e-10,6.014374512593415e-09,REF
Biogenic CO2,2065,1.7917659399033668e-10,6.193551106583752e-09,REF
Biogenic CO2,2066,1.7324505182336427e-10,6.366796158407116e-09,REF
Biogenic CO2,2067,1.7858793549363438e-10,6.545384093900751e-09,REF
Biogenic CO2,2068,4.0812484389445125e-10,6.953508937795202e-09,REF
Biogenic CO2,2069,1.9367676580775935e-10,7.147185703602961e-09,REF
Biogenic CO2,2070,1.8084234097268895e-10,7.32802804457565e-09,REF
Biogenic CO2,2071,1.8621652287723848e-10,7.514244567452889e-09,REF
Biogenic CO2,2072,4.210725374047251e-10,7.935317104857613e-09,REF
Biogenic CO2,2073,2.0715813900856143e-10,8.142475243866176e-09,REF
Biogenic CO2,2074,1.8865976162447523e-10,8.33113500549065e-09,REF
Biogenic CO2,2075,1.9401236537566296e-10,8.525147370866313e-09,REF
Biogenic CO2,2076,4.2868852460885564e-10,8.953835895475169e-09,REF
Biogenic CO2,2077,2.1379704116805872e-10,9.167632936643228e-09,REF
Biogenic CO2,2078,1.8482544129213956e-10,9.352458377935368e-09,REF
Biogenic CO2,2079,1.84718126492098e-10,9.537176504427466e-09,REF
Biogenic CO2,2080,4.0459691161028647e-10,9.941773416037751e-09,REF
Biogenic CO2,2081,2.1168318918212846e-10,1.015345660521988e-08,REF
Biogenic CO2,2082,1.762087008752772e-10,1.0329665306095158e-08,REF
Biogenic CO2,2083,1.7819744226288082e-10,1.0507862748358039e-08,REF
Biogenic CO2,2084,3.8678960187194704e-10,1.0894652350229984e-08,REF
Biogenic CO2,2085,2.0922909732143548e-10,1.110388144755142e-08,REF
Biogenic CO2,2086,1.7084004597703986e-10,1.127472149352846e-08,REF
Biogenic CO2,2087,1.7305104033659971e-10,1.144777253386506e-08,REF
Biogenic CO2,2088,3.7223582180436437e-10,1.1820008355669424e-08,REF
Biogenic CO2,2089,2.07409371380116e-10,1.202741772704954e-08,REF
Biogenic CO2,2090,1.6636210882228175e-10,1.2193779835871823e-08,REF
Biogenic CO2,2091,1.6865553654653658e-10,1.2362435372418359e-08,REF
Biogenic CO2,2092,3.5959377911386936e-10,1.2722029151532228e-08,REF
Biogenic CO2,2093,2.0603204305028566e-10,1.2928061194582514e-08,REF
Biogenic CO2,2094,1.6981284216644655e-10,1.309787403674896e-08,REF
Biogenic CO2,2095,1.6412125827959308e-10,1.3261995295028554e-08,REF
Biogenic CO2,2096,3.4146172795150917e-10,1.3603457022980063e-08,REF
Biogenic CO2,2097,2.0505507519159526e-10,1.3808512098171658e-08,REF
Biogenic CO2,2098,1.7234443663801102e-10,1.398085653480967e-08,REF
Biogenic CO2,2099,1.6050622343818486e-10,1.4141362758247854e-08,REF
Biogenic CO2,2100,1.6482925557686356e-10,1.4306192013824717e-08,REF
Biogenic CO2,2101,1.7196458311234427e-10,1.4478156596937062e-08,REF
Biogenic CO2,2102,2.0122852296779408e-10,1.4679385119904856e-08,REF
Biogenic CO2,2103,2.1200486155921646e-10,1.4891389981464073e-08,REF
Biogenic CO2,2104,2.7246316597491046e-10,1.5163853147438984e-08,REF
Biogenic CO2,2105,1.6511978792536019e-10,1.5328972935364344e-08,REF
Biogenic CO2,2106,1.9249335803631975e-10,1.5521466293400662e-08,REF
Biogenic CO2,2107,2.0811807409613239e-10,1.5729584367496794e-08,REF
Biogenic CO2,2108,2.75437475037837e-10,1.6005021842534633e-08,REF
Biogenic CO2,2109,1.5864289534855903e-10,1.616366473788319e-08,REF
Biogenic CO2,2110,1.8483653841525029e-10,1.634850127629844e-08,REF
Biogenic CO2,2111,2.0455712690214871e-10,1.655305840320059e-08,REF
Biogenic CO2,2112,2.7473620299332443e-10,1.6827794606193916e-08,REF
Biogenic CO2,2113,1.5588198677759995e-10,1.6983676592971514e-08,REF
Biogenic CO2,2114,1.7806140873223275e-10,1.7161738001703748e-08,REF
Biogenic CO2,2115,2.0128641356564906e-10,1.7363024415269396e-08,REF
Biogenic CO2,2116,2.7389387637731566e-10,1.7636918291646713e-08,REF
Biogenic CO2,2117,1.533785039394665e-10,1.779029679558618e-08,REF
Biogenic CO2,2118,1.7199377309726242e-10,1.796229056868344e-08,REF
Biogenic CO2,2119,1.9827561086497454e-10,1.8160566179548416e-08,REF
Biogenic CO2,2120,2.7301105799108046e-10,1.8433577237539497e-08,REF
Biogenic CO2,2121,1.5110535685311664e-10,1.8584682594392614e-08,REF
Biogenic CO2,2122,1.6647516099397939e-10,1.875115775538659e-08,REF
Biogenic CO2,2123,1.954981630491957e-10,1.8946655918435787e-08,REF
Biogenic CO2,2124,1.9483744326666367e-10,1.9141493361702452e-08,REF
CO2 in air,2026,1.4750836394205592e-11,1.4750836394205592e-11,REF
CO2 in air,2027,3.637758227718126e-11,5.112841867138685e-11,REF
CO2 in air,2028,1.298201534214657e-10,1.8094857209285253e-10,REF
CO2 in air,2029,5.8034840498765186e-11,2.3898341259161774e-10,REF
CO2 in air,2030,6.909661512676419e-11,3.080800277183819e-10,REF
CO2 in air,2031,8.579354052885203e-11,3.9387356824723394e-10,REF
CO2 in air,2032,2.323838378831506e-10,6.262574061303845e-10,REF
CO2 in air,2033,9.900508865611948e-11,7.25262494786504e-10,REF
CO2 in air,2034,1.0726050759908715e-10,8.325230023855911e-10,REF
CO2 in air,2035,1.2056800450165778e-10,9.530910068872489e-10,REF
CO2 in air,2036,3.0471012659635417e-10,1.2578011334836031e-09,REF
CO2 in air,2037,1.2823747762531352e-10,1.3860386111089166e-09,REF
CO2 in air,2038,1.3407173224983468e-10,1.5201103433587513e-09,REF
CO2 in air,2039,1.4464961944028307e-10,1.6647599627990344e-09,REF
CO2 in air,2040,3.538181882143255e-10,2.01857815101336e-09,REF
CO2 in air,2041,1.480816659823057e-10,2.1666598169956656e-09,REF
CO2 in air,2042,1.5230364237930758e-10,2.318963459374973e-09,REF
CO2 in air,2043,1.6165402593765208e-10,2.4806174853126254e-09,REF
CO2 in air,2044,3.9241717223222255e-10,2.8730346575448477e-09,REF
CO2 in air,2045,1.6470125975672987e-10,3.0377359173015775e-09,REF
CO2 in air,2046,1.7239769387128648e-10,3.210133611172864e-09,REF
CO2 in air,2047,1.8107058382140814e-10,3.3912041949942724e-09,REF
CO2 in air,2048,4.3572169182370903e-10,3.826925886817982e-09,REF
CO2 in air,2049,1.8060176531486695e-10,4.007527652132848e-09,REF
CO2 in air,2050,1.8765085201643892e-10,4.195178504149287e-09,REF
CO2 in air,2051,1.9632505382254232e-10,4.391503557971829e-09,REF
CO2 in air,2052,4.717992715465933e-10,4.8633028295184224e-09,REF
CO2 in air,2053,1.9655832625568276e-10,5.059861155774105e-09,REF
CO2 in air,2054,2.0338199342205015e-10,5.263243149196155e-09,REF
CO2 in air,2055,2.1206794212517488e-10,5.47531109132133e-09,REF
CO2 in air,2056,5.087365089431399e-10,5.984047600264471e-09,REF
CO2 in air,2057,2.1262720468385235e-10,6.196674804948322e-09,REF
CO2 in air,2058,2.1928264156601814e-10,6.415957446514341e-09,REF
CO2 in air,2059,2.2784593559197388e-10,6.643803382106315e-09,REF
CO2 in air,2060,5.453501560798011e-10,7.189153538186116e-09,REF
CO2 in air,2061,2.3643767773827207e-10,7.425591215924388e-09,REF
CO2 in air,2062,2.3916104522345977e-10,7.664752261147848e-09,REF
CO2 in air,2063,2.429305466611787e-10,7.907682807809027e-09,REF
CO2 in air,2064,5.695203673855325e-10,8.47720317519456e-09,REF
CO2 in air,2065,2.626586239733352e-10,8.739861799167894e-09,REF
CO2 in air,2066,2.5942852925366695e-10,8.999290328421562e-09,REF
CO2 in air,2067,2.6285292204436335e-10,9.262143250465925e-09,REF
CO2 in air,2068,6.045576820634301e-10,9.866700932529355e-09,REF
CO2 in air,2069,2.865882521230819e-10,1.0153289184652436e-08,REF
CO2 in air,2070,2.7299465865073993e-10,1.0426283843303176e-08,REF
CO2 in air,2071,2.7658999689808167e-10,1.0702873840201258e-08,REF
CO2 in air,2072,6.302819331081647e-10,1.1333155773309422e-08,REF
CO2 in air,2073,3.0830647861594685e-10,1.164146225192537e-08,REF
CO2 in air,2074,2.86853231993978e-10,1.1928315483919348e-08,REF
CO2 in air,2075,2.905197946690095e-10,1.2218835278588358e-08,REF
CO2 in air,2076,6.473332306430793e-10,1.2866168509231437e-08,REF
CO2 in air,2077,3.183823555306069e-10,1.3184550864762044e-08,REF
CO2 in air,2078,2.813776699275554e-10,1.3465928534689599e-08,REF
CO2 in air,2079,2.7590844951932137e-10,1.374183698420892e-08,REF
CO2 in air,2080,6.103321061882364e-10,1.4352169090397157e-08,REF
CO2 in air,2081,3.1362763760402877e-10,1.4665796728001186e-08,REF
CO2 in air,2082,2.6840647899942583e-10,1.493420320700061e-08,REF
CO2 in air,2083,2.6589294049085576e-10,1.5200096147491466e-08,REF
CO2 in air,2084,5.830351929785897e-10,1.5783131340470057e-08,REF
CO2 in air,2085,3.096353659764672e-10,1.6092766706446524e-08,REF
CO2 in air,2086,2.601554418057599e-10,1.6352922148252285e-08,REF
CO2 in air,2087,2.580596133822931e-10,1.6610981761634576e-08,REF
CO2 in air,2088,5.604087527495176e-10,1.7171390514384094e-08,REF
CO2 in air,2089,3.071810785045264e-10,1.7478571592888622e-08,REF
CO2 in air,2090,2.532902546433046e-10,1.7731861847531924e-08,REF
CO2 in air,2091,2.5142579056636285e-10,1.7983287638098287e-08,REF
CO2 in air,2092,5.403962426312304e-10,1.852368388072952e-08,REF
CO2 in air,2093,3.0564179221674127e-10,1.882932567294626e-08,REF
CO2 in air,2094,2.5409395298750916e-10,1.9083419625933768e-08,REF
CO2 in air,2095,2.491613662025347e-10,1.9332580992136302e-08,REF
CO2 in air,2096,5.117670987371977e-10,1.98443480908735e-08,REF
CO2 in air,2097,3.0471098023612646e-10,2.0149059071109626e-08,REF
CO2 in air,2098,2.579039330023658e-10,2.0406963004111994e-08,REF
CO2 in air,2099,2.434636630728052e-10,2.0650426667184797e-08,REF
CO2 in air,2100,2.4592327544683844e-10,2.0896349942631636e-08,REF
CO2 in air,2101,2.579782681278084e-10,2.1154328210759447e-08,REF
CO2 in air,2102,3.0121372340648735e-10,2.1455541934165932e-08,REF
CO2 in air,2103,3.1736759864688267e-10,2.1772909532812814e-08,REF
CO2 in air,2104,4.074635038931206e-10,2.2180373036705935e-08,REF
CO2 in air,2105,2.4686475354920735e-10,2.2427237790255143e-08,REF
CO2 in air,2106,2.8868618313015727e-10,2.27159239733853e-08,REF
CO2 in air,2107,3.114198697901226e-10,2.3027343843175422e-08,REF
CO2 in air,2108,4.113572440291135e-10,2.3438701087204536e-08,REF
CO2 in air,2109,2.3633222847188815e-10,2.3675033315676423e-08,REF
CO2 in air,2110,2.7825433173836235e-10,2.395328764741479e-08,REF
CO2 in air,2111,3.0597450257204467e-10,2.4259262149986834e-08,REF
CO2 in air,2112,4.093673481583707e-10,2.4668629498145203e-08,REF
CO2 in air,2113,2.3223834842693342e-10,2.4900867846572135e-08,REF
CO2 in air,2114,2.6868835437512847e-10,2.5169556200947265e-08,REF
CO2 in air,2115,3.0097618849072756e-10,2.5470532389437992e-08,REF
CO2 in air,2116,4.0768127018840357e-10,2.5878213659626395e-08,REF
CO2 in air,2117,2.285559515577161e-10,2.6106769611184113e-08,REF
CO2 in air,2118,2.596757596657108e-10,2.6366445370849823e-08,REF
CO2 in air,2119,2.9637803270910587e-10,2.666282340355893e-08,REF
CO2 in air,2120,4.06437837424842e-10,2.706926124098377e-08,REF
CO2 in air,2121,2.2518334760862455e-10,2.7294444588592394e-08,REF
CO2 in air,2122,2.5104812025322984e-10,2.7545492708845624e-08,REF
CO2 in air,2123,2.9213905311339977e-10,2.7837631761959025e-08,REF
CO2 in air,2124,2.911310820426765e-10,2.81287628440017e-08,REF
Fossil CH4,2026,1.4012502720043095e-10,1.4012502720043095e-10,REF
Fossil CH4,2027,7.788530544438074e-10,9.189780816442384e-10,REF
Fossil CH4,2028,3.1440794157255e-09,4.063057497369738e-09,REF
Fossil CH4,2029,1.563584461123521e-09,5.6266419584932595e-09,REF
Fossil CH4,2030,1.625896129922521e-09,7.25253808841578e-09,REF
Fossil CH4,2031,2.037268835144739e-09,9.28980692356052e-09,REF
Fossil CH4,2032,5.444642141202166e-09,1.4734449064762686e-08,REF
Fossil CH4,2033,2.347982011212501e-09,1.7082431075975185e-08,REF
Fossil CH4,2034,2.344397073998497e-09,1.9426828149973682e-08,REF
Fossil CH4,2035,2.584034855276198e-09,2.201086300524988e-08,REF
Fossil CH4,2036,6.2658017801720714e-09,2.8276664785421952e-08,REF
Fossil CH4,2037,2.577282903005063e-09,3.085394768842701e-08,REF
Fossil CH4,2038,2.516146312117943e-09,3.337009400054496e-08,REF
Fossil CH4,2039,2.623684567270642e-09,3.5993778567815604e-08,REF
Fossil CH4,2040,6.0325535371739915e-09,4.202633210498959e-08,REF
Fossil CH4,2041,2.411044113007593e-09,4.443737621799719e-08,REF
Fossil CH4,2042,2.3267394184878254e-09,4.676411563648501e-08,REF
Fossil CH4,2043,2.384633191196558e-09,4.914874882768157e-08,REF
Fossil CH4,2044,5.469412478631977e-09,5.4618161306313545e-08,REF
Fossil CH4,2045,2.182321665758998e-09,5.680048297207254e-08,REF
Fossil CH4,2046,2.141539006320097e-09,5.894202197839264e-08,REF
Fossil CH4,2047,2.1863412359494635e-09,6.112836321434211e-08,REF
Fossil CH4,2048,5.0117112037506365e-09,6.614007441809274e-08,REF
Fossil CH4,2049,1.9911972926376912e-09,6.813127171073044e-08,REF
Fossil CH4,2050,1.972239744864378e-09,7.01035114555948e-08,REF
Fossil CH4,2051,2.0130280133056078e-09,7.211653946890041e-08,REF
Fossil CH4,2052,4.629176605191166e-09,7.674571607409158e-08,REF
Fossil CH4,2053,1.8440016201372622e-09,7.858971769422885e-08,REF
Fossil CH4,2054,1.8438006289936342e-09,8.043351832322248e-08,REF
Fossil CH4,2055,1.885054237648097e-09,8.231857256087058e-08,REF
Fossil CH4,2056,4.35172468523276e-09,8.667029724610333e-08,REF
Fossil CH4,2057,1.738072413821053e-09,8.840836965992438e-08,REF
Fossil CH4,2058,1.751417864344878e-09,9.015978752426927e-08,REF
Fossil CH4,2059,1.7932847318862944e-09,9.195307225615556e-08,REF
Fossil CH4,2060,4.153471290888514e-09,9.610654354704408e-08,REF
Fossil CH4,2061,1.669140546393889e-09,9.777568409343797e-08,REF
Fossil CH4,2062,1.7097277090318467e-09,9.94854118024698e-08,REF
Fossil CH4,2063,1.726378693978614e-09,1.0121179049644843e-07,REF
Fossil CH4,2064,3.9829749925017975e-09,1.0519476548895022e-07,REF
Fossil CH4,2065,1.6395506406727352e-09,1.0683431612962296e-07,REF
Fossil CH4,2066,1.6673009369346087e-09,1.0850161706655756e-07,REF
Fossil CH4,2067,1.6905649064858474e-09,1.1019218197304341e-07,REF
Fossil CH4,2068,3.888591058241472e-09,1.1408077303128488e-07,REF
Fossil CH4,2069,1.6123388410822604e-09,1.1569311187236714e-07,REF
Fossil CH4,2070,1.6241189906527512e-09,1.173172308630199e-07,REF
Fossil CH4,2071,1.65316833882342e-09,1.1897039920184332e-07,REF
Fossil CH4,2072,3.806553668307167e-09,1.227769528701505e-07,REF
Fossil CH4,2073,1.5867983871587115e-09,1.243637512573092e-07,REF
Fossil CH4,2074,1.593352090340949e-09,1.2595710334765014e-07,REF
Fossil CH4,2075,1.6265465310354124e-09,1.2758364987868555e-07,REF
Fossil CH4,2076,3.586848815814364e-09,1.3117049869449993e-07,REF
Fossil CH4,2077,1.4101502369616303e-09,1.3258064893146155e-07,REF
Fossil CH4,2078,1.2645224280006542e-09,1.338451713594622e-07,REF
Fossil CH4,2079,1.1587071926899255e-09,1.3500387855215213e-07,REF
Fossil CH4,2080,2.546940574901748e-09,1.3755081912705387e-07,REF
Fossil CH4,2081,1.0137409321306554e-09,1.3856456005918454e-07,REF
Fossil CH4,2082,9.00153799374829e-10,1.3946471385855937e-07,REF
Fossil CH4,2083,8.25504674409112e-10,1.4029021853296847e-07,REF
Fossil CH4,2084,1.8065439710800387e-09,1.4209676250404852e-07,REF
Fossil CH4,2085,7.302863952335764e-10,1.428270488992821e-07,REF
Fossil CH4,2086,6.412867972092086e-10,1.434683356964913e-07,REF
Fossil CH4,2087,5.88162164897433e-10,1.4405649786138873e-07,REF
Fossil CH4,2088,1.279224410479663e-09,1.453357222718684e-07,REF
Fossil CH4,2089,5.282425445569816e-10,1.4586396481642538e-07,REF
Fossil CH4,2090,4.569079359549378e-10,1.4632087275238031e-07,REF
Fossil CH4,2091,4.19056926281385e-10,1.467399296786617e-07,REF
Fossil CH4,2092,9.035336950088523e-10,1.4764346337367055e-07,REF
Fossil CH4,2093,3.8427661487185334e-10,1.4802773998854241e-07,REF
Fossil CH4,2094,3.2594897608987925e-10,1.483536889646323e-07,REF
Fossil CH4,2095,3.0004822063225193e-10,1.4865373718526453e-07,REF
Fossil CH4,2096,6.33979088938862e-10,1.492877162742034e-07,REF
Fossil CH4,2097,2.817016781608745e-10,1.4956941795236428e-07,REF
Fossil CH4,2098,2.338327012647322e-10,1.49803250653629e-07,REF
Fossil CH4,2099,2.13689922504082e-10,1.5001694057613308e-07,REF
Fossil CH4,2100,2.1765725743409023e-10,1.5023459783356718e-07,REF
Fossil CH4,2101,2.2715842573857159e-10,1.5046175625930575e-07,REF
Fossil CH4,2102,2.3338297304386803e-10,1.5069513923234962e-07,REF
Fossil CH4,2103,2.1673376710768588e-10,1.509118729994573e-07,REF
Fossil CH4,2104,2.3095254997426504e-10,1.5114282554943157e-07,REF
Fossil CH4,2105,1.5384964878627368e-10,1.5129667519821785e-07,REF
Fossil CH4,2106,1.653434178733359e-10,1.5146201861609118e-07,REF
Fossil CH4,2107,1.5442162248266779e-10,1.5161644023857385e-07,REF
Fossil CH4,2108,1.7311860620831588e-10,1.5178955884478217e-07,REF
Fossil CH4,2109,1.0161614062208167e-10,1.5189117498540424e-07,REF
Fossil CH4,2110,1.1724099306489674e-10,1.5200841597846913e-07,REF
Fossil CH4,2111,1.1002456058603259e-10,1.5211844053905518e-07,REF
Fossil CH4,2112,1.2387504630014749e-10,1.5224231558535533e-07,REF
Fossil CH4,2113,7.2388843938492e-11,1.523147044292938e-07,REF
Fossil CH4,2114,8.301667843435259e-11,1.5239772110772817e-07,REF
Fossil CH4,2115,7.839189705126125e-11,1.5247611300477942e-07,REF
Fossil CH4,2116,8.875679886224259e-11,1.5256486980364166e-07,REF
Fossil CH4,2117,5.1572514610535825e-11,1.526164423182522e-07,REF
Fossil CH4,2118,5.865656269176435e-11,1.5267509888094396e-07,REF
Fossil CH4,2119,5.5853797466340584e-11,1.5273095267841032e-07,REF
Fossil CH4,2120,6.372248944083887e-11,1.5279467516785114e-07,REF
Fossil CH4,2121,3.674480505655475e-11,1.528314199729077e-07,REF
Fossil CH4,2122,4.130905285505194e-11,1.5287272902576276e-07,REF
Fossil CH4,2123,3.9795524904456583e-11,1.5291252455066722e-07,REF
Fossil CH4,2124,3.656197272422006e-11,1.5294908652339142e-07,REF
Fossil CO2,2026,3.376650909970925e-10,3.376650909970925e-10,REF
Fossil CO2,2027,1.295261957296016e-09,1.6329270482931086e-09,REF
Fossil CO2,2028,5.048695757381371e-09,6.681622805674479e-09,REF
Fossil CO2,2029,2.4759960019046252e-09,9.157618807579104e-09,REF
Fossil CO2,2030,2.664410610471204e-09,1.182202941805031e-08,REF
Fossil CO2,2031,3.3520005376687643e-09,1.5174029955719073e-08,REF
Fossil CO2,2032,9.134895520987017e-09,2.4308925476706088e-08,REF
Fossil CO2,2033,4.047313293718937e-09,2.8356238770425027e-08,REF
Fossil CO2,2034,4.0994463615529214e-09,3.245568513197795e-08,REF
Fossil CO2,2035,4.5945499078199335e-09,3.705023503979788e-08,REF
Fossil CO2,2036,1.1528185961758081e-08,4.8578421001555965e-08,REF
Fossil CO2,2037,4.966609707898977e-09,5.354503070945494e-08,REF
Fossil CO2,2038,4.88914773869979e-09,5.8434178448154726e-08,REF
Fossil CO2,2039,5.2251362155487944e-09,6.365931466370352e-08,REF
Fossil CO2,2040,1.2585345091462302e-08,7.624465975516583e-08,REF
Fossil CO2,2041,5.347223103308562e-09,8.159188285847438e-08,REF
Fossil CO2,2042,5.186196893532197e-09,8.677807975200658e-08,REF
Fossil CO2,2043,5.459223443534986e-09,9.223730319554157e-08,REF
Fossil CO2,2044,1.310995849679812e-08,1.053472616923397e-07,REF
Fossil CO2,2045,5.5837644445405814e-09,1.1093102613688028e-07,REF
Fossil CO2,2046,5.4605423295777575e-09,1.1639156846645802e-07,REF
Fossil CO2,2047,5.712142429847691e-09,1.2210371089630573e-07,REF
Fossil CO2,2048,1.3668891289662486e-08,1.357726021859682e-07,REF
Fossil CO2,2049,5.8004870992220015e-09,1.415730892851902e-07,REF
Fossil CO2,2050,5.674675692703006e-09,1.4724776497789322e-07,REF
Fossil CO2,2051,5.917685816389945e-09,1.5316545079428315e-07,REF
Fossil CO2,2052,1.4149076991512665e-08,1.6731452778579582e-07,REF
Fossil CO2,2053,6.015432737850477e-09,1.733299605236463e-07,REF
Fossil CO2,2054,5.894555380351344e-09,1.7922451590399764e-07,REF
Fossil CO2,2055,6.134125308081051e-09,1.853586412120787e-07,REF
Fossil CO2,2056,1.4655315311075732e-08,2.0001395652315442e-07,REF
Fossil CO2,2057,6.2373920876670414e-09,2.0625134861082146e-07,REF
Fossil CO2,2058,6.122016650694319e-09,2.1237336526151578e-07,REF
Fossil CO2,2059,6.358816451129092e-09,2.1873218171264487e-07,REF
Fossil CO2,2060,1.5180349615037382e-08,2.3391253132768227e-07,REF
Fossil CO2,2061,6.648961200255112e-09,2.4056149252793736e-07,REF
Fossil CO2,2062,6.703822970286724e-09,2.472653154982241e-07,REF
Fossil CO2,2063,6.561304517467543e-09,2.538266200156916e-07,REF
Fossil CO2,2064,1.5210295466704592e-08,2.6903691548239623e-07,REF
Fossil CO2,2065,7.323739755652363e-09,2.763606552380486e-07,REF
Fossil CO2,2066,6.940196637231143e-09,2.833008518752797e-07,REF
Fossil CO2,2067,6.800881041588426e-09,2.901017329168682e-07,REF
Fossil CO2,2068,1.5432101339958693e-08,3.0553383425682684e-07,REF
Fossil CO2,2069,7.877947667035338e-09,3.134117819238622e-07,REF
Fossil CO2,2070,7.134073172838013e-09,3.205458550967002e-07,REF
Fossil CO2,2071,7.001206152348291e-09,3.275470612490485e-07,REF
Fossil CO2,2072,1.5701998354130493e-08,3.4324905960317897e-07,REF
Fossil CO2,2073,8.314116849270952e-09,3.5156317645244994e-07,REF
Fossil CO2,2074,7.332691194411221e-09,3.588958676468612e-07,REF
Fossil CO2,2075,7.205441498500139e-09,3.661013091453613e-07,REF
Fossil CO2,2076,1.5897251584404543e-08,3.8199856072976586e-07,REF
Fossil CO2,2077,8.475150047955733e-09,3.904737107777216e-07,REF
Fossil CO2,2078,7.188576130715566e-09,3.9766228690843713e-07,REF
Fossil CO2,2079,6.891258257306371e-09,4.0455354516574354e-07,REF
Fossil CO2,2080,1.5105203201481243e-08,4.196587483672248e-07,REF
Fossil CO2,2081,8.330176741082288e-09,4.2798892510830706e-07,REF
Fossil CO2,2082,6.920926533928453e-09,4.3490985164223553e-07,REF
Fossil CO2,2083,6.667559930282062e-09,4.4157741157251756e-07,REF
Fossil CO2,2084,1.4512224170391904e-08,4.5608963574290947e-07,REF
Fossil CO2,2085,8.213016412635044e-09,4.643026521555445e-07,REF
Fossil CO2,2086,6.728928504884764e-09,4.710315806604293e-07,REF
Fossil CO2,2087,6.4885747576525915e-09,4.775201554180818e-07,REF
Fossil CO2,2088,1.4019047277410829e-08,4.915392026954927e-07,REF
Fossil CO2,2089,8.124778867387581e-09,4.996639815628802e-07,REF
Fossil CO2,2090,6.566906672973091e-09,5.062308882358534e-07,REF
Fossil CO2,2091,6.334640730189735e-09,5.125655289660431e-07,REF
Fossil CO2,2092,1.3583266451983933e-08,5.261487954180271e-07,REF
Fossil CO2,2093,8.055882936323564e-09,5.342046783543507e-07,REF
Fossil CO2,2094,6.580339628323038e-09,5.407850179826737e-07,REF
Fossil CO2,2095,6.494736229422834e-09,5.472797542120965e-07,REF
Fossil CO2,2096,1.2733482572865714e-08,5.600132367849621e-07,REF
Fossil CO2,2097,8.001668526487102e-09,5.680149053114493e-07,REF
Fossil CO2,2098,6.831267142085301e-09,5.748461724535346e-07,REF
Fossil CO2,2099,6.343842753645113e-09,5.811900152071797e-07,REF
Fossil CO2,2100,6.216540674365788e-09,5.874065558815455e-07,REF
Fossil CO2,2101,6.509351357069861e-09,5.939159072386154e-07,REF
Fossil CO2,2102,7.489192840022888e-09,6.014051000786383e-07,REF
Fossil CO2,2103,8.16268920249853e-09,6.095677892811368e-07,REF
Fossil CO2,2104,1.0873401468644281e-08,6.20441190749781e-07,REF
Fossil CO2,2105,6.260812495657949e-09,6.26702003245439e-07,REF
Fossil CO2,2106,7.137586145697767e-09,6.338395893911367e-07,REF
Fossil CO2,2107,8.021087041403343e-09,6.418606764325401e-07,REF
Fossil CO2,2108,1.0944906673201212e-08,6.528055831057413e-07,REF
Fossil CO2,2109,6.024915562881978e-09,6.588304986686233e-07,REF
Fossil CO2,2110,6.8950908803338205e-09,6.657255895489571e-07,REF
Fossil CO2,2111,7.891144494917834e-09,6.73616734043875e-07,REF
Fossil CO2,2112,1.0883411447641189e-08,6.845001454915161e-07,REF
Fossil CO2,2113,5.9258547175626694e-09,6.904260002090788e-07,REF
Fossil CO2,2114,6.681779797673357e-09,6.971077800067521e-07,REF
Fossil CO2,2115,7.771601119042052e-09,7.048793811257942e-07,REF
Fossil CO2,2116,1.0821823562589844e-08,7.157012046883841e-07,REF
Fossil CO2,2117,5.8371908720773125e-09,7.215383955604614e-07,REF
Fossil CO2,2118,6.487695626292915e-09,7.280260911867543e-07,REF
Fossil CO2,2119,7.661377288222671e-09,7.35687468474977e-07,REF
Fossil CO2,2120,1.0765973964521392e-08,7.464534424394984e-07,REF
Fossil CO2,2121,5.756483579508551e-09,7.522099260190069e-07,REF
Fossil CO2,2122,6.306416856770675e-09,7.585163428757776e-07,REF
Fossil CO2,2123,7.559524920535753e-09,7.660758677963133e-07,REF
Fossil CO2,2124,7.535269093824145e-09,7.736111368901374e-07,REF
N2O,2026,2.361062030840577e-12,2.361062030840577e-12,REF
N2O,2027,5.716684799087241e-12,8.077746829927817e-12,REF
N2O,2028,2.060228928816152e-11,2.8680036118089338e-11,REF
N2O,2029,9.370915414388102e-12,3.805095153247744e-11,REF
N2O,2030,1.1096281556120422e-11,4.914723308859786e-11,REF
N2O,2031,1.3778424268513788e-11,6.292565735711164e-11,REF
N2O,2032,3.741946621612133e-11,1.0034512357323299e-10,REF
N2O,2033,1.6099835057565618e-11,1.164449586307986e-10,REF
N2O,2034,1.7205337149759028e-11,1.3365029578055763e-10,REF
N2O,2035,1.9231151980501948e-11,1.5288144776105958e-10,REF
N2O,2036,4.8220411458144394e-11,2.0110185921920398e-10,REF
N2O,2037,2.0282008344281708e-11,2.2138386756348567e-10,REF
N2O,2038,2.0782801584445983e-11,2.4216666914793165e-10,REF
N2O,2039,2.216882316657837e-11,2.6433549231451004e-10,REF
N2O,2040,5.3219074803742566e-11,3.175545671182526e-10,REF
N2O,2041,2.2009173259122716e-11,3.3956374037737533e-10,REF
N2O,2042,2.2081165299598433e-11,3.6164490567697375e-10,REF
N2O,2043,2.316162832067813e-11,3.8480653399765186e-10,REF
N2O,2044,5.517014046703024e-11,4.3997667446468215e-10,REF
N2O,2045,2.278935819443163e-11,4.627660326591138e-10,REF
N2O,2046,2.3227113647925524e-11,4.859931463070393e-10,REF
N2O,2047,2.4186616860381e-11,5.101797631674203e-10,REF
N2O,2048,5.718894830942388e-11,5.673687114768441e-10,REF
N2O,2049,2.3257330827650382e-11,5.906260423044946e-10,REF
N2O,2050,2.364467103232745e-11,6.14270713336822e-10,REF
N2O,2051,2.4534805954591387e-11,6.388055192914134e-10,REF
N2O,2052,5.789731459157277e-11,6.967028338829862e-10,REF
N2O,2053,2.358290910308374e-11,7.202857429860698e-10,REF
N2O,2054,2.3949336585213297e-11,7.442350795712832e-10,REF
N2O,2055,2.4800377149380988e-11,7.690354567206642e-10,REF
N2O,2056,5.846657078563362e-11,8.275020275062978e-10,REF
N2O,2057,2.3858292878629093e-11,8.513603203849269e-10,REF
N2O,2058,2.421152728594139e-11,8.755718476708682e-10,REF
N2O,2059,2.5035348931324963e-11,9.006071966021932e-10,REF
N2O,2060,5.899435026707714e-11,9.596015468692704e-10,REF
N2O,2061,2.581724289671605e-11,9.854187897659863e-10,REF
N2O,2062,2.5194584477742017e-11,1.0106133742437285e-09,REF
N2O,2063,2.5122693756838627e-11,1.035736068000567e-09,REF
N2O,2064,5.721500302450351e-11,1.0929510710250706e-09,REF
N2O,2065,2.8014223366849096e-11,1.1209652943919196e-09,REF
N2O,2066,2.571955365278672e-11,1.1466848480447064e-09,REF
N2O,2067,2.564751023424199e-11,1.1723323582789484e-09,REF
N2O,2068,5.693609877091612e-11,1.2292684570498645e-09,REF
N2O,2069,2.957118335886911e-11,1.2588396404087335e-09,REF
N2O,2070,2.5776690847185823e-11,1.2846163312559195e-09,REF
N2O,2071,2.5710689132219352e-11,1.3103270203881387e-09,REF
N2O,2072,5.6356849032271246e-11,1.36668386942041e-09,REF
N2O,2073,3.0509075640968216e-11,1.3971929450613782e-09,REF
N2O,2074,2.5831769270464056e-11,1.4230247143318423e-09,REF
N2O,2075,2.5773700055500118e-11,1.4487984143873423e-09,REF
N2O,2076,5.5967259547326415e-11,1.5047656739346687e-09,REF
N2O,2077,3.058325607763504e-11,1.535348930012304e-09,REF
N2O,2078,2.5240610620484668e-11,1.5605895406327885e-09,REF
N2O,2079,2.4819680736264814e-11,1.5854092213690534e-09,REF
N2O,2080,5.356661499715625e-11,1.6389758363662096e-09,REF
N2O,2081,3.015097020058736e-11,1.669126806566797e-09,REF
N2O,2082,2.3985426400006374e-11,1.6931122329668034e-09,REF
N2O,2083,2.3916006244777327e-11,1.7170282392115807e-09,REF
N2O,2084,5.132189024663083e-11,1.7683501294582115e-09,REF
N2O,2085,2.9360437184831184e-11,1.7977105666430426e-09,REF
N2O,2086,2.311181181525768e-11,1.8208223784583003e-09,REF
N2O,2087,2.3051701400339225e-11,1.8438740798586395e-09,REF
N2O,2088,4.9188719711963346e-11,1.893062799570603e-09,REF
N2O,2089,2.8581333336804465e-11,1.9216441329074075e-09,REF
N2O,2090,2.2276483757035126e-11,1.9439206166644425e-09,REF
N2O,2091,2.221853924451345e-11,1.966139155908956e-09,REF
N2O,2092,4.714265869813324e-11,2.013281814607089e-09,REF
N2O,2093,2.782517871912686e-11,2.041106993326216e-09,REF
N2O,2094,2.272749701918529e-11,2.0638344903454015e-09,REF
N2O,2095,2.195750210456078e-11,2.0857919924499622e-09,REF
N2O,2096,4.337709779093544e-11,2.1291690902408976e-09,REF
N2O,2097,2.7096269914026596e-11,2.1562653601549244e-09,REF
N2O,2098,2.3390258917073425e-11,2.1796556190719975e-09,REF
N2O,2099,2.106351871744326e-11,2.200719137789441e-09,REF
N2O,2100,2.101113212749534e-11,2.2217302699169363e-09,REF
N2O,2101,2.184947442526444e-11,2.2435797443422006e-09,REF
N2O,2102,2.4594173934620008e-11,2.2681739182768208e-09,REF
N2O,2103,2.7043958965955264e-11,2.2952178772427757e-09,REF
N2O,2104,3.602112407246462e-11,2.3312390013152407e-09,REF
N2O,2105,2.0685693646454903e-11,2.3519246949616955e-09,REF
N2O,2106,2.2952210019577867e-11,2.374876904981273e-09,REF
N2O,2107,2.606950926994265e-11,2.4009464142512158e-09,REF
N2O,2108,3.5441140319931187e-11,2.436387554571147e-09,REF
N2O,2109,1.956228857697527e-11,2.4559498431481225e-09,REF
N2O,2110,2.1785319550672305e-11,2.4777351626987947e-09,REF
N2O,2111,2.5130171009029335e-11,2.502865333707824e-09,REF
N2O,2112,3.4447836281477335e-11,2.5373131699893013e-09,REF
N2O,2113,1.8838698419270085e-11,2.5561518684085715e-09,REF
N2O,2114,2.0735356546813985e-11,2.5768872249553853e-09,REF
N2O,2115,2.4224679045692163e-11,2.6011119040010777e-09,REF
N2O,2116,3.3439037069310274e-11,2.634550941070388e-09,REF
N2O,2117,1.815297872026213e-11,2.65270391979065e-09,REF
N2O,2118,1.9762713837337822e-11,2.6724666336279878e-09,REF
N2O,2119,2.3351813827926075e-11,2.695818447455914e-09,REF
N2O,2120,3.2443926943840296e-11,2.728262374399754e-09,REF
N2O,2121,1.7496996833802202e-11,2.7457593712335564e-09,REF
N2O,2122,1.8842747570354712e-11,2.764602118803911e-09,REF
N2O,2123,2.2510399746703328e-11,2.7871125185506145e-09,REF
N2O,2124,2.2304826755095768e-11,2.8094173453057103e-09,REF
